PC1,PC2,PC3,PC4,PC5
0.261631,0.293259,0.054878,0.067719,0.572000
0.128644,-0.346730,0.258555,0.007648,0.404111
0.070521,0.029487,0.040223,-0.278294,-0.063492
0.310315,0.362811,0.235328,0.422944,-0.062852
0.010194,0.105828,0.048564,0.293632,0.062622
0.438030,0.220748,-0.494804,-0.549195,-0.203764
-0.172349,0.370122,0.168467,-0.315099,-0.178608
-0.456391,0.134108,0.418644,-0.123582,0.008409
0.341122,0.681768,0.004965,0.368588,-0.116551
0.348275,-0.289149,-0.204170,-0.761468,0.143992
0.179013,-0.049423,0.370462,0.161964,0.149047
0.070537,0.230318,0.412661,-0.226145,-0.238373
-0.314237,0.578002,-0.044746,0.041771,0.965638
-0.521611,-0.257270,-0.275682,-0.172872,-0.555052
-0.200358,-0.261781,0.275068,0.047313,0.479609
-0.260929,0.340943,0.247760,-0.288626,0.285329
-0.544283,-0.230043,-0.346801,0.189729,0.294282
-0.076813,-0.314285,-0.488797,-0.252942,-0.111330
0.169157,-0.444441,-0.090997,-0.161728,0.044115
-0.571560,0.424560,0.067767,0.005406,-0.098842
0.283554,-0.110436,0.110905,0.433193,0.197367
0.114646,0.233091,0.344439,-0.132175,0.142442
-0.081702,-0.006842,0.056835,-0.011412,-0.445697
-0.221401,0.106651,0.090240,-0.223300,0.076671
-0.485945,0.475977,-0.124129,0.389989,-0.040486
-0.215621,-0.505351,-0.268454,-0.308746,-0.315554
0.111439,-0.485762,0.095047,-0.337737,-0.376694
-0.077233,-0.094498,-0.008592,-0.488584,0.402845
0.397711,-0.032647,-0.410108,0.088654,0.210650
-0.013615,-0.272757,0.197128,0.163654,0.651605
-0.123215,0.151313,0.085211,-0.144793,0.263906
-0.159273,-0.043104,0.086417,0.345472,-0.026063
-0.096685,0.433735,0.228583,-0.057150,-0.014530
0.329454,0.102921,-0.259765,0.180232,-0.278054
-0.738765,0.329026,-0.296294,0.206118,-0.201546
-0.150157,0.290250,-0.421917,0.385726,0.198077
-0.062583,0.166602,-0.235908,0.346812,0.306155
-0.223653,-0.293014,-0.112498,-0.052676,-0.265366
0.437986,0.298370,0.077277,-0.416179,-0.502108
-0.085440,0.166069,-0.312278,0.012982,-0.307887
0.514992,0.059095,0.191733,0.256258,-0.886249
0.241478,0.323920,-0.278796,0.102954,-0.050209
-0.345514,-0.366565,0.282142,-0.336597,0.235237
-0.357678,-0.087259,0.438279,-0.047482,-0.093058
0.490952,-0.486598,-0.044889,0.030969,-0.090124
0.378112,0.225348,-0.101071,-0.119585,-0.296170
-0.004321,-0.204584,0.083657,0.003780,-0.217788
0.157063,-0.457831,0.006374,0.078855,0.006398
0.005656,0.226386,-0.116211,0.118650,0.041757
0.033142,-0.028294,0.302114,-0.224170,-0.157040
0.404912,-0.383164,-0.328009,0.569271,0.071292
0.175460,-0.224356,-0.015402,0.082814,-0.552108
-0.535133,0.194181,-0.004126,0.073235,-0.014116
0.579691,0.241430,0.698581,-0.146336,-0.157987
-0.013307,-0.422508,-0.322801,0.075189,-0.277556
0.287116,0.950528,0.528612,-0.287543,0.037047
0.163249,-0.116875,-0.481997,0.092215,-0.083517
0.059263,-0.502881,0.595606,-0.119007,-0.211409
0.119030,0.080162,0.081574,-0.303611,-0.008148
0.078183,0.213176,0.485909,-0.066258,-0.413607
0.657756,0.109595,0.360810,0.444992,-0.599614
0.152794,0.116438,-0.617449,-0.024901,-0.017651
0.350311,-0.061272,0.048284,-0.233849,0.144786
-0.678872,0.274240,-1.030418,-0.309804,-0.053509
-0.005747,0.089741,0.108191,-0.304982,0.361392
0.316188,0.459648,-0.442595,0.029596,-0.410319
0.132223,-0.336478,0.517499,0.031914,0.157527
-0.294559,-0.258857,-0.369556,0.524708,0.092971
-0.347786,-0.284783,-0.023557,0.108300,-0.026558
-0.290658,-0.040061,-0.208392,-0.181167,0.142011
-0.086459,-0.513015,0.021871,0.214420,-0.270570
-0.586071,-0.252199,-0.002442,0.321234,0.245879
-0.119329,-0.227869,0.566272,-0.186852,-0.004938
0.159989,-0.592438,0.324600,0.468546,-0.238356
-0.205376,0.861034,0.166014,-0.089511,0.203763
0.105808,-0.507521,0.271324,-0.022346,-0.010000
0.149877,0.360217,0.366427,-0.454304,-0.597433
0.052091,0.140763,0.179120,0.365410,-0.109189
0.138858,0.283075,-0.056102,-0.219640,-0.276060
-0.424529,-0.106507,0.243500,-0.250187,-0.155150
0.327762,0.082723,0.317691,-0.210832,-0.154382
-0.377008,0.197603,0.304589,-0.416540,-0.309136
0.178435,0.223640,0.072410,-0.214854,-0.238600
-0.332291,0.058682,0.296185,-0.033956,0.298630
-0.043535,-0.154267,0.115149,0.400705,-0.081636
-0.039675,0.077676,-0.300576,0.741127,0.105852
0.515555,0.310093,0.130119,-0.240605,0.035843
-0.162915,-0.068630,-0.246585,0.059201,0.373656
0.430922,0.370579,-0.270099,-0.511317,0.167409
-0.869942,0.051665,0.229984,-0.126210,0.121212
-0.313182,-0.259997,0.255902,-0.055537,-0.926873
0.324089,-0.124142,-0.460481,0.025415,0.296596
-0.212987,-0.104850,-0.503789,0.171414,-0.182744
-0.262780,-0.005127,-0.022047,0.054504,-0.097199
-0.023142,0.033876,-0.238364,-0.174263,-0.265634
0.178409,-0.282538,-0.398591,-0.315963,0.025769
-0.480470,-0.552881,0.091680,0.406050,0.341116
0.062652,-0.034062,0.073397,-0.092366,0.057947
-0.358415,-0.070522,-0.034910,-0.324309,0.407710
-0.581448,0.515191,0.059116,0.308565,0.192366
0.669224,-0.139828,0.103032,-0.239499,-0.205514
-0.076145,-0.216405,0.027885,0.158608,-0.051052
0.005276,0.243846,0.412353,0.232263,-0.463691
0.305154,0.073928,0.133131,0.497267,0.287646
0.089075,0.021035,-0.117926,0.716012,-0.029265
0.515007,0.012590,0.618855,-0.075727,-0.457732
0.343971,-0.121325,-0.343038,0.259299,0.512470
0.223293,-0.253841,0.291016,0.479445,-0.219365
-0.272669,0.283019,-0.453040,-0.124159,-0.265392
0.379859,0.304039,0.032191,0.348847,-0.144325
0.377834,-0.332223,-0.347759,-0.035571,0.425019
-0.365666,-0.223263,0.634147,0.316259,-0.076047
-0.113772,0.108243,-0.470007,0.268778,-0.336777
-0.171320,-0.160549,0.095818,0.002627,-0.171131
-0.489154,0.278223,-0.110078,0.492891,-0.316854
-0.205856,-0.377497,-0.131002,-0.076686,0.154906
-0.146534,-0.147720,-0.026453,0.346526,0.155604
0.050218,0.209743,0.256200,0.327359,-0.298668
0.246583,0.188567,-0.509517,-0.260715,-0.364679
-0.526773,0.215474,-0.542603,-0.319318,-0.210189
0.099797,0.055841,0.225674,0.108701,-0.409456
0.394439,-0.008196,-0.117243,0.044759,0.216859
-0.034072,0.155147,0.228130,-0.272123,0.051122
0.013972,0.210529,0.180517,-0.114709,-0.226466
0.166898,0.205006,0.170053,0.049939,-0.080335
0.404776,-0.009495,-0.332116,-0.298027,-0.378436
0.158737,0.050697,0.026326,-0.117936,-0.364407
-0.022664,-0.286274,-0.300797,0.062405,0.062106
-0.230514,0.381298,-0.007188,-0.109745,-0.460923
-0.211803,-0.271057,0.362075,0.077500,-0.006222
-0.287261,-0.230229,-0.348329,0.051137,-0.125652
0.131392,0.247893,-0.118628,-0.126558,0.657605
-0.376030,0.629026,-0.547435,0.207679,0.207689
-0.020920,-0.133745,-0.169814,-0.373728,0.266392
0.411843,-0.369419,-0.433692,0.116665,0.150592
0.158101,-0.073664,-0.051415,0.010944,0.086812
0.187119,-0.189803,-0.655083,0.224543,-0.166692
-0.266914,-0.109065,-0.750432,0.269537,-0.125829
-0.171185,0.472549,-0.040433,0.066877,0.223170
-0.081751,-0.192840,-0.453282,-0.266736,-0.136142
-0.212962,-0.515821,-0.132431,-0.229365,-0.185062
-0.268183,0.258948,-0.012997,-0.590393,0.301400
0.456427,-0.383246,0.067703,-0.129895,0.084374
-0.156541,-0.440231,0.274588,0.257915,-0.522138
0.097674,0.328001,-0.221400,-0.397880,0.615391
-0.317894,-0.015926,0.230520,-0.298778,-0.080231
-0.220556,-0.705681,0.580451,-0.026281,-0.378377
0.239446,0.426910,-0.242970,-0.153845,-0.632746
-0.151794,-0.280843,-0.159030,0.098383,0.081075
0.207021,-0.285695,-0.234965,-0.004442,0.057659
0.272753,0.318879,0.245563,0.143337,-0.409980
0.410456,-0.287089,0.403099,0.232743,0.506904
-0.505714,0.459820,0.498329,-0.055687,0.112932
-0.137725,-0.508598,0.103290,-0.443556,0.173103
-0.261835,0.151577,-0.326489,-0.010839,0.023217
0.236010,-0.150510,0.354661,-0.024153,0.324845
-0.307316,0.490155,0.069451,0.371378,-0.047419
0.049208,0.180170,-0.289429,-0.278213,0.311258
0.256298,0.067777,-0.140794,-0.029680,-0.036844
-0.175493,0.142090,-0.209729,-0.392202,-0.184938
0.117701,-0.101762,0.099605,0.141952,-0.244312
0.103598,-0.245054,-0.119102,0.349954,0.189651
0.073957,-0.426706,0.371377,0.296126,0.203855
0.418569,-0.106016,-0.166914,-0.013901,0.147708
0.083608,-0.114596,-0.029251,0.065848,-0.417229
0.050780,0.200846,-0.027020,0.086635,-0.163859
-0.097198,-0.044593,-0.600806,-0.465097,-0.055084
0.351367,-0.149478,-0.399437,-0.214993,-0.171622
-0.291717,-0.039158,-0.154886,-0.639098,0.038759
0.074778,0.074601,0.445658,0.023398,0.093833
0.094368,0.120250,-0.260720,0.008668,0.370780
-0.220677,-0.114769,-0.118808,-0.317314,0.021665
-0.171898,-0.629230,0.014108,0.432702,-0.541726
-0.093498,-0.662230,-0.671486,0.123918,0.063802
-0.181761,-0.021780,-0.227051,0.116414,0.249108
0.194210,0.211292,0.245198,0.186831,0.199585
-0.097072,-0.338515,0.482062,-0.192502,-0.213019
-0.334452,0.205041,0.099667,-0.108524,0.255916
-0.294206,-0.177303,-0.240312,0.244962,-0.057797
0.467312,0.375639,-0.283975,0.205105,-0.102219
0.005515,0.337266,-0.200782,-0.074519,0.063025
0.036624,0.119331,0.454073,-0.054335,0.039705
0.206573,-0.078025,-0.221496,0.424153,-0.007893
0.088821,0.368490,0.354200,-0.125040,0.365615
-0.152517,0.073206,0.169461,-0.394797,-0.430915
-0.116806,0.195705,-0.115476,0.084167,0.139559
-0.266255,-0.443727,-0.627907,0.109884,0.310549
-0.183912,-0.008860,-0.256810,-0.131996,-0.395299
-0.477013,-0.300407,0.663570,-0.129672,0.201509
-0.082167,-0.020206,0.087309,-0.007145,0.294060
0.016487,-0.347882,0.759115,0.166094,0.650350
0.013211,-0.579961,0.832610,-0.278538,0.301432
0.470521,0.178835,-0.151487,0.051011,-0.172627
0.236083,-0.247124,0.445816,0.176042,-0.231473
-0.060008,0.004069,0.109341,-0.675183,-0.325909
-0.212884,0.270007,-0.179574,0.064329,-0.057358
-0.044665,0.162368,-0.390164,-0.295423,-0.077926
0.376462,0.293750,-0.107433,-0.783830,0.145964
0.319765,0.080109,0.045464,-0.446955,0.141633
-0.318443,-0.478973,0.092397,-0.349038,-0.488172
-0.233348,0.239823,0.124459,0.134941,-0.529229
0.514041,-0.134929,0.388177,0.125310,0.116156
0.189738,0.501055,-0.181294,-0.128280,0.217448
0.043929,0.362216,0.150548,-0.113896,-0.158908
-0.152566,-0.394348,-0.001379,0.170248,-0.480114
0.377768,-0.289910,-0.178735,0.215938,0.138799
-0.499962,-0.223251,0.066044,0.317731,0.502451
-0.184715,-0.169097,0.275507,0.296169,0.156843
0.359713,0.134251,0.300758,0.251678,0.515666
-0.268196,0.368115,0.142069,-0.276925,-0.503995
-0.297182,-0.533381,-0.351999,-0.455278,-0.281882
-0.181405,-0.046192,-0.348360,0.428230,0.151561
0.164499,-0.170142,-0.105409,0.068881,-0.208505
0.482386,0.063863,-0.059454,0.189567,0.452598
0.074100,-0.482868,-0.793115,0.146431,0.216552
-0.008949,0.052102,0.117546,0.552471,0.110029
0.144338,0.384320,-0.059045,-0.240473,-0.041561
0.223118,-0.139888,0.157956,0.059063,-0.463007
0.242029,0.471786,-0.167735,0.417094,-0.225720
0.151865,0.362395,0.456414,-0.213178,-0.206954
-0.082289,-0.271981,-0.715310,0.262325,0.207528
0.294788,-0.389027,0.290937,0.088504,0.551858
-0.094979,-0.032977,0.297672,0.264405,0.016886
-0.210158,-0.245880,0.463875,0.182556,0.104478
0.006257,-0.389609,-0.260403,-0.456300,0.059526
-0.314162,-0.039837,0.086632,0.048842,-0.050054
0.228572,0.249321,0.181382,-0.042984,-0.368215
0.331977,0.258642,0.247133,0.262545,-0.372528
-0.139699,-0.177646,-0.393804,0.413231,0.004246
0.254415,0.248569,0.029790,-0.153004,-0.294085
-0.390760,0.179325,0.279084,-0.007065,-0.141507
-0.037842,-0.394001,-0.149692,0.639861,0.013302
0.139057,-0.020237,0.513423,0.027896,0.121119
0.013693,0.156559,0.469954,-0.021708,-0.543222
0.365197,0.078400,-0.051394,-0.114047,0.120878
0.275874,-0.162904,-0.134551,0.228971,0.248781
0.147836,0.400999,-0.198356,0.422440,-0.009436
-0.590196,-0.100010,0.182777,0.149900,-0.076877
0.039219,0.571761,0.513570,-0.199782,0.335401
-0.340390,0.077700,-0.387705,0.314522,-0.058307
0.099947,-0.232043,-0.255049,-0.318263,0.646504
-0.376526,0.446033,0.003943,0.169220,-0.709673
-0.396499,-0.106626,0.170002,-0.002965,0.592996
-0.060326,0.267488,-0.286998,-0.061732,-0.367788
-0.341441,-0.530501,-0.301281,-0.296413,-0.398363
-0.448921,0.462636,-0.336820,-0.173844,-0.058651
-0.117712,-0.415842,-0.420334,0.500974,-0.047946
0.101131,0.064461,-0.048497,-0.287734,0.195722
0.281616,-0.431641,-0.579242,0.085965,0.221785
-0.030300,0.211854,-0.005296,0.194175,-0.406641
0.117316,0.096449,-0.192478,-0.487163,-0.409698
-0.083581,-0.263286,-0.327687,-0.032913,0.133429
-0.161896,0.001310,0.006895,0.538588,0.375171
0.209229,-0.430325,-0.166627,0.216647,0.171816
0.095368,0.144994,-0.275737,-0.394630,0.091415
-0.214956,-0.018127,0.038575,0.140180,0.225296
-0.142621,0.049579,0.211484,0.132272,0.276147
0.507793,-0.358881,0.226190,-0.250629,-0.049028
-0.201888,0.230102,-0.070527,-0.103526,-0.365326
-0.378219,-0.311589,-0.189199,-0.073780,-0.311163
0.457645,-0.098139,0.016617,0.288682,0.069777
-0.451943,0.468066,-0.319079,0.245508,-0.166457
-0.147307,-0.090801,-0.321105,-0.225837,-0.036175
-0.141763,0.167693,0.085400,-0.447022,0.120811
0.407969,-0.086366,0.236119,0.171870,-0.050816
-0.164064,-0.316617,-0.442376,-0.022946,0.215036
-0.544094,-0.257094,0.245491,-0.186227,-0.332096
-0.234949,0.132667,-0.115688,-0.357408,-0.132001
-0.440070,0.257765,-0.147279,0.131807,0.009519
-0.006382,0.111517,-0.225386,-0.194617,0.814870
-0.054462,-0.064274,0.152582,-0.065332,-0.233866
-0.356779,-0.093063,-0.342268,-0.068766,0.171335
0.231994,0.175774,-0.482220,-0.152592,-0.360138
-0.558932,0.065952,0.192620,0.212586,0.282112
0.200179,0.581676,-0.035131,-0.022693,-0.374977
-0.059184,-0.117392,-0.297000,0.172601,-0.043994
0.064039,-0.036865,-0.378857,-0.091597,-0.292497
0.225219,0.295361,-0.529077,-0.284766,-0.089186
-0.229774,0.780479,0.123181,0.075145,-0.232318
-0.208819,0.216290,-0.365410,-0.318864,0.455792
-0.071522,0.140855,-0.143772,0.193271,0.027601
0.318977,0.049858,0.018003,-0.366412,-0.030511
-0.092670,-0.055553,0.078332,-0.453040,0.249980
-0.180059,0.331794,0.128688,0.014491,0.202676
-0.578834,-0.274388,0.292060,0.038229,-0.243844
0.210209,-0.147807,-0.456546,0.279656,-0.608028
0.402645,-0.205057,0.011559,0.037421,-0.196762
0.113893,0.089049,-0.259778,0.321528,-0.217368
0.162951,-0.039429,-0.496416,0.319748,0.091618
0.950102,-0.276043,-0.159366,-0.300834,-0.341104
0.243310,0.081555,0.090571,-0.147742,-0.411548
0.070452,0.126485,0.189105,0.027038,-0.182619
0.623691,-0.020949,-0.573332,0.412706,-0.058877
-0.067489,-0.272695,0.388664,-0.402236,0.223496
-0.458540,-0.244783,0.215566,0.226149,-0.082704
0.347491,-0.158611,0.014146,0.180106,0.345034
0.152441,0.203742,-0.313960,-0.400829,0.394596
0.220980,-0.257769,-0.364986,0.303184,0.226811
-0.602514,0.203862,0.477122,0.287958,-0.201864
-0.055160,-0.383398,0.063488,0.181836,0.890364
0.076766,0.057960,0.148381,0.250178,0.206217
0.110422,-0.254650,0.139706,-0.241346,0.394806
0.029168,-0.382399,-0.134441,-0.273899,0.118333
-0.176220,0.593106,0.360254,-0.404356,-0.294511
-0.375997,-0.132273,0.084821,-0.059784,-0.321614
-0.117698,-0.157014,0.036043,-0.282297,0.076892
-0.244979,0.130921,0.385881,-0.042753,0.006376
0.017631,0.140869,-0.134964,0.332418,-0.210499
-0.322311,0.161623,0.404134,0.231710,-0.383780
0.010690,0.524944,-0.060289,-0.167867,-0.133002
-0.355038,-0.054305,0.117864,-0.386809,-0.127378
-0.442068,-0.089076,-0.438085,-0.222724,0.106788
0.056010,0.122671,-0.020711,-0.359827,-0.518291
0.206141,-0.283906,0.216569,-0.067333,0.638828
0.048427,0.275460,0.565579,-0.107291,-0.547318
0.409797,-0.038920,-0.203739,0.031946,-0.227651
0.202379,0.164781,0.487738,-0.247097,-0.071158
-0.229958,0.231231,0.213795,-0.161343,-0.272650
-0.085432,-0.154689,0.100276,-0.032102,0.184313
0.046084,-0.057429,0.005570,-0.077595,-0.259013
-0.008770,-0.433935,-0.166433,0.088942,0.142267
0.216310,-0.309772,-0.127252,-0.223450,0.094296
-0.534336,0.418804,0.327483,-0.134960,-0.134263
0.091295,-0.303767,-0.380610,0.411227,0.176114
0.682692,0.516127,0.064248,-0.162989,-0.162279
-0.332246,-0.026654,-0.282708,-0.249347,-0.323617
-0.371372,-0.098151,0.423331,0.589859,-0.261234
0.504357,-0.489235,0.061342,0.069298,0.117644
0.272405,-0.671829,-0.100457,0.067555,0.364661
-0.211590,0.347611,-0.171988,0.252145,-0.157246
0.428560,-0.079577,-0.009881,-0.071417,0.397068
-0.528978,-0.129618,0.242607,0.112219,-0.066547
0.018117,0.505615,-0.036854,0.540877,-0.039638
-0.314286,-0.380177,-0.206426,0.239318,0.237922
-0.265629,-0.160548,-0.251127,-0.319418,-0.428694
-0.307231,-0.065245,-0.087037,-0.184566,-0.235816
-0.041148,-0.145060,-0.054425,0.091238,-0.316964
-0.016598,-0.048785,0.362438,-0.073137,-0.139034
0.056894,-0.358467,-0.543616,0.724701,-0.099292
-0.214268,0.437183,0.047101,-0.223134,0.612681
-0.010684,0.700927,0.051483,-0.093271,-0.056576
0.303072,0.026297,0.037688,0.353779,0.016628
-0.526529,-0.113918,0.116056,-0.215727,-0.148822
0.132443,-0.500715,0.257713,0.479657,-0.727504
-0.098453,-0.101271,0.099908,-0.155981,0.037188
-0.250980,-0.183120,-0.205467,-0.446651,0.196404
-0.228194,0.294548,-0.176018,0.136586,0.394009
0.173530,0.298010,-0.133811,-0.080431,0.073116
0.294922,-0.185050,-0.619909,-0.076846,-0.159391
-0.080007,-0.130610,-0.033754,0.060805,-0.293641
-0.011119,0.199837,-0.211920,0.172335,-0.335279
-0.139695,-0.166502,0.330620,-0.175502,-0.288684
0.008995,-0.023396,0.600136,0.535892,-0.486472
-0.077266,0.071105,0.235335,0.305021,0.352129
0.888423,-0.073094,0.162383,0.425362,0.185450
0.292989,-0.226657,-0.431895,0.065182,0.430383
0.056072,0.083592,-0.130858,0.203688,0.087216
0.138589,0.811860,-0.044451,0.310325,0.077362
-0.532670,-0.282874,-0.126002,-0.936965,-0.132802
0.052994,0.200634,-0.432771,-0.112994,-0.153559
-0.480015,-0.110191,-0.092916,0.125289,0.048603
0.378291,0.075649,-0.275536,-0.427577,-0.147489
0.563881,-0.013576,0.179729,0.163739,-0.037900
0.231589,0.032173,-0.165573,0.185018,0.312985
-0.025184,-0.424473,-0.410978,-0.539917,0.357270
-0.251309,0.122380,0.074369,-0.029090,0.011731
0.466820,-0.199368,-0.658787,-0.202928,-0.058701
0.187398,0.084286,-0.011756,-0.017768,-0.375361
0.397701,-0.870779,0.013522,0.319605,0.109999
-0.160241,0.228441,-0.234380,-0.040445,-0.461691
0.146440,0.015627,0.029741,0.667969,0.379001
0.292709,0.128124,-0.077657,-0.354132,-0.105678
0.162767,0.392386,-0.210145,0.184213,0.045713
-0.202411,0.079996,0.085393,0.236548,-0.134956
-0.395591,-0.497320,0.248476,-0.086629,0.070116
0.303959,0.427448,-0.064040,0.591252,0.096357
-0.397363,-0.001609,0.077265,-0.250609,0.546106
-0.167245,0.263237,-0.061359,-0.031861,-0.311500
0.093723,0.246293,-0.361484,0.091504,-0.171737
0.352197,-0.002850,-0.113777,-0.559805,0.694732
0.430733,0.284917,-0.150150,-0.088151,0.006983
0.372184,-0.012464,0.194987,-0.663699,-0.093904
0.178319,-0.695577,-0.646100,-0.384119,-0.436652
-0.204468,0.387237,-0.462484,0.203303,0.700944
-0.212991,0.008565,0.725464,-0.604386,-0.207727
-0.428896,-0.239962,0.530963,-0.231107,-0.064680
0.073557,-0.184820,0.069670,0.080041,0.135036
0.222535,0.095243,-0.358378,-0.281054,-0.022030
0.033549,0.063232,-0.188288,-0.247366,0.295090
0.224363,0.582739,0.135707,0.102727,-0.074834
0.284387,0.150354,0.334566,-0.087891,0.214946
0.206909,0.505020,0.054713,0.417150,-0.156366
0.012637,0.062308,-0.160317,-0.044410,-0.025042
0.351583,-0.391944,-0.118023,0.361194,-0.014219
-0.395288,-0.525072,0.072626,-0.085739,0.192604
0.213868,-0.227904,-0.662622,-0.240444,0.568667
-0.380000,0.221527,-0.173103,-0.083130,-0.084610
-0.076467,-0.147003,-0.081267,-0.352026,-0.115447
0.003178,0.006068,-0.219039,0.347947,-0.171669
0.049532,0.116980,0.809197,0.099573,0.293925
0.075006,-0.074952,-0.289904,-0.234318,-0.191103
0.322207,-0.055740,-0.049297,0.040690,-0.342439
0.245758,-0.120383,0.026201,0.022627,-0.047706
0.193789,0.095124,0.473918,-0.403163,0.073027
-0.026243,0.626608,-0.193577,-0.371263,-0.108718
0.379792,0.165986,-0.201246,-0.090584,0.399210
-0.048544,0.121701,0.178357,-0.308368,-0.105633
-0.151670,0.400335,-0.498692,0.126019,0.092192
-0.509811,-0.198845,0.489571,-0.025153,0.020030
-0.141505,0.276058,0.067294,-0.583839,0.061990
0.012655,0.297488,-0.564791,-0.073423,0.438199
0.343558,0.370313,-0.288288,0.196488,0.080896
0.419777,-0.391006,-0.260181,0.123453,0.179560
-0.078979,-0.020773,-0.119417,-0.045277,0.217550
0.165760,-0.432290,0.249652,0.171653,-0.228762
0.353197,-0.328293,0.346424,0.353176,-0.568053
0.158594,0.075057,0.442822,-0.031292,0.317589
-0.352917,-0.405803,-0.158636,-0.116527,-0.064940
-0.213611,-0.118175,0.032761,0.042263,0.189535
0.420498,0.143896,-0.077167,0.213435,-0.271614
0.488419,0.371139,0.162008,0.259685,0.167588
-0.408164,0.165838,0.023860,0.214952,-0.037538
-0.096806,-0.200462,-0.370256,-0.091213,-0.055788
-0.144808,-0.226106,-0.055189,-0.002297,-0.229370
-0.161063,-0.373641,0.438289,0.064597,0.049484
0.535544,-0.162872,-0.318433,-0.525627,-0.203253
-0.014196,-0.152541,-0.046365,0.412477,-0.575968
0.181785,0.103651,0.373010,0.380748,0.065065
0.255733,-0.073002,-0.268716,-0.061133,0.421212
0.164183,-0.094236,0.351618,0.220364,-0.053423
0.322210,0.277487,-0.551958,-0.001885,0.148228
-0.365365,0.094453,0.088791,0.306571,-0.228308
-0.268606,-0.174447,0.333433,0.348429,-0.143014
0.278264,-0.116759,0.030414,-0.286880,0.366404
0.314794,0.500729,-0.064099,-0.180612,0.076770
-0.207062,0.169462,0.139368,0.212249,-0.295809
0.442571,-0.396199,-0.170538,-0.409385,-0.306887
-0.746745,0.327092,0.466182,0.191070,0.376986
-0.006202,0.275351,-0.619467,0.462641,-0.246213
0.038589,-0.395288,-0.124082,-0.132183,-0.042862
0.309740,-0.461385,0.083755,-0.325941,0.245351
0.004592,-0.111770,-0.164644,-0.089377,-0.075684
-0.076763,-0.172064,-0.086981,-0.089161,-0.208301
0.042978,-0.379236,0.130835,0.068451,0.047125
-0.272785,-0.146936,0.142519,-0.246637,-0.132061
0.041207,-0.508360,0.065192,0.017164,0.397628
0.050122,-0.476534,0.413877,0.053534,0.036454
0.425665,0.111493,0.133088,0.160719,0.297776
-0.157818,0.163954,-0.325775,-0.426832,-0.095315
0.197989,-0.294816,-0.130681,-0.112675,0.167636
-0.299353,-0.303688,0.730110,0.186636,0.576356
0.247294,-0.199569,-0.109817,-0.383402,0.171475
0.628190,-0.225299,-0.059864,-0.940788,-0.370001
-0.179041,0.075881,0.606400,-0.326282,0.041829
-0.222096,0.116983,0.171392,-0.381294,0.038093
-0.381077,-0.420449,0.071841,-0.206995,-0.087031
-0.175782,-0.006222,0.418878,-0.126999,-0.254895
-0.254715,-0.248597,0.576882,-0.080383,0.043532
0.469489,-0.012952,0.094334,-0.071013,-0.091890
-0.354302,-0.021506,-0.388107,0.133900,-0.236359
0.127030,0.082925,-0.108184,-0.050604,0.599327
-0.205040,0.001330,0.196487,-0.106829,0.303675
0.270633,-0.386605,0.016065,-0.180904,0.188412
-0.022907,-0.006944,-0.035830,-0.418551,-0.042007
-0.260997,-0.329291,-0.064785,0.128519,-0.032977
-0.286244,0.453816,-0.010801,0.113324,-0.403704
0.266787,-0.349560,0.318969,-0.091714,-0.304773
0.249310,0.206468,0.252996,0.181075,0.348690
-0.356898,-0.212679,-0.001009,0.190611,-0.295054
-0.293109,0.091405,-0.196762,0.474044,0.022389
-0.389979,0.071658,0.077368,-0.316314,-0.383171
0.333791,-0.198117,-0.129905,-0.276155,0.113628
0.323850,0.089394,0.400007,-0.331378,0.028861
0.233438,-0.155740,0.075651,0.154093,0.160753
-0.010629,-0.135262,-0.151797,-0.759396,0.029317
-0.211965,0.512851,0.068814,-0.008594,0.027891
-0.122651,-0.181087,-0.248964,-0.582582,-0.273522
0.244029,0.117782,0.056224,-0.066946,0.269534
-0.456939,0.080630,-0.156634,-0.574270,-0.427251
0.107881,-0.530185,-0.097093,0.011248,-0.075617
-0.183850,-0.020861,-0.250081,-0.071703,0.424646
-0.173950,-0.183306,-0.451664,0.194413,-0.040474
0.293783,-0.027094,-0.222836,0.434776,0.071219
-0.001444,0.236984,-0.450316,-0.622092,0.545270
-0.073053,-0.278757,0.344147,0.087850,-0.560593
-0.031300,0.028357,-0.029223,-0.203675,-0.214920
-0.054981,0.023631,0.011787,-0.339698,0.410678
-0.329203,0.190304,-0.428299,0.009725,-0.040377
0.118549,-0.224501,-0.152724,-0.089220,-0.421779
0.566348,0.183780,0.294882,0.359124,0.072783
0.510161,-0.029298,-0.142243,0.253111,0.244110
-0.236193,-0.058502,0.358256,0.436688,-0.261790
0.127766,0.028506,0.345135,-0.041527,-0.570992
-0.413767,-0.355319,0.106626,0.076672,-0.510136
-0.267553,0.013753,0.144479,-0.645884,0.212625
-0.121724,-0.337795,0.166659,-0.267896,-0.469875
0.321324,0.084944,-0.265095,0.162507,-0.037917
-0.035278,0.182343,0.264939,0.552013,-0.286578
0.073591,0.006073,0.364700,0.156205,-0.172476
0.336875,-0.067610,-0.280212,0.214420,-0.216165
0.031402,-0.148231,0.768736,0.311448,0.499385
-0.492262,-0.030326,0.410987,0.448190,-0.035422
-0.026282,0.225390,-0.611440,0.062117,-0.133042
-0.080254,0.076539,-0.342839,0.304181,0.067581
0.404797,-0.044224,0.275434,0.061681,-0.367945
-0.036837,0.255224,-0.435836,-0.397478,-0.175258
-0.283495,-0.175044,0.247126,-0.182892,-0.592714
-0.043376,0.038667,-0.314543,0.250835,-0.343661
0.520820,-0.390561,-0.348918,-0.390070,-0.254751
0.223705,0.312585,0.197202,-0.064166,-0.052033
0.039427,0.169396,-0.115803,0.381176,0.007696
0.459943,-0.044710,0.319743,-0.643231,-0.612593
0.068607,-0.497842,-0.085337,-0.452525,-0.254727
-0.092439,0.003949,0.139133,-0.047294,0.495661
-0.354094,-0.595667,0.277370,-0.286961,-0.426161
0.716818,0.001601,0.558798,0.548197,0.092705
0.179251,0.002788,0.306713,0.175524,-0.354197
-0.431566,0.016497,0.237053,0.271663,0.050248
-0.091859,0.169222,-0.202647,0.262207,-0.098553
-0.101521,-0.206447,0.002326,-0.196510,-0.258036
0.319422,-0.186027,-0.140084,0.398441,0.373097
0.185187,0.009052,-0.513426,0.327913,-0.127892
0.181007,0.137477,-0.134313,0.619781,0.453262
0.516755,0.381709,-0.001019,-0.497016,-0.200541
0.010721,0.018227,-0.126612,-0.018082,-0.057154
-0.391823,-0.089619,0.337229,-0.348890,0.577049
-0.080620,0.351149,-0.016719,-0.099192,-0.024184
-0.392916,0.352872,0.140323,0.221254,0.141823
-0.060102,0.300071,-0.011286,0.658867,0.083073
-0.418580,-0.033951,0.566546,-0.626400,0.005008
0.439114,-0.193448,0.143981,0.199139,0.569141
-0.282976,-0.465869,-0.340784,0.080488,-0.460646
0.094589,-0.227012,-0.151160,-0.209659,0.695050
-0.201421,0.233215,0.062374,-0.162041,-0.154254
-0.149285,-0.171301,-0.542076,0.239802,-0.341851
-0.230850,-0.327421,0.241014,0.254042,0.276915
-0.184262,-0.197880,-0.231002,0.178332,-0.056440
0.223361,-0.346430,-0.276247,0.031765,0.079151
-0.033798,0.221638,-0.324888,0.062017,-0.461618
-0.307303,0.319699,0.205194,0.127237,0.219831
-0.413320,0.317894,0.211604,0.061270,-0.234016
-0.119486,0.327397,-0.599901,0.121948,0.151822
-0.331708,-0.024545,-0.160545,0.170661,-0.146667
0.019937,0.070613,-0.707159,0.277738,0.084912
-0.069982,0.400542,0.045708,0.553291,0.339768
0.252404,-0.322811,-0.255441,-0.170355,0.116883
0.174715,0.446512,0.413758,-0.344139,-0.181974
0.362675,0.411939,-0.250931,0.039143,-0.527406
-0.024201,0.137795,0.155459,-0.245356,0.365315
0.187804,-0.148276,0.089096,0.427556,0.287180
0.165120,0.350035,0.401691,0.162919,-0.233594
0.203117,0.198920,-0.788152,-0.170960,0.290110
-0.414434,-0.378115,-0.393323,0.149477,-0.290227
0.149948,0.093630,-0.203082,0.144997,0.394868
-0.277953,0.140689,0.439719,0.083122,0.157014
0.309048,0.161956,-0.389318,0.619408,0.242080
-0.196873,0.627254,0.079693,-0.293411,0.337759
0.265110,-0.107404,-0.259171,0.248105,-0.188969
-0.237999,0.080329,-0.039577,-0.035810,0.243563
-0.329153,-0.362144,-0.122351,-0.323386,-0.080767
-0.130306,0.085795,-0.313908,0.139238,-0.091244
-0.139892,-0.242961,-0.116036,-0.096746,0.013272
0.047640,0.084235,-0.001533,-0.566830,0.149991
0.528252,0.130655,-0.106745,-0.052530,-0.214214
-0.372951,-0.142471,0.078821,0.286141,-0.272612
0.036768,-0.277753,0.040764,0.202690,0.032160
-0.337960,0.432158,0.460928,-0.365086,0.245454
-0.271672,-0.289708,0.184756,0.476748,-0.244676
-0.555094,0.268917,0.361342,-0.068511,0.438281
0.241509,-0.259860,0.401244,0.105717,0.207447
0.022903,-0.431705,-0.343728,-0.102701,0.155824
0.050023,-0.423841,0.158229,0.163013,-0.265052
0.628626,-0.430159,-0.072868,-0.376779,-0.202978
-0.099243,-0.359035,0.173942,0.227193,0.088076
0.468646,0.283953,0.307204,-0.081222,-0.172849
0.465220,0.077183,-0.413576,-0.394595,-0.480573
0.212124,0.131188,-0.003510,-0.041426,0.415343
0.276295,0.355076,-0.094847,-0.189856,0.586225
-0.222923,-0.116709,0.350014,0.298391,0.383511
-0.286938,0.264622,-0.002783,-0.094395,0.730875
-0.332790,0.232005,0.092312,-0.284112,0.459345
0.223649,0.055242,0.001795,0.187404,0.189619
-0.720032,-0.209256,-0.308720,0.263164,-0.048893
-0.121431,-0.276170,0.467932,0.007200,-0.002666
-0.095734,0.469113,-0.339057,-0.139691,0.486800
0.246289,0.462465,-0.287388,0.145520,0.457965
0.322722,-0.421522,-0.326995,0.051965,-0.008050
-0.028684,-0.166811,-0.114231,-0.163559,-0.276189
-0.287745,0.032840,-0.345969,0.017877,-0.216224
0.952598,0.128123,0.243670,-0.267656,0.055136
0.471475,0.647572,0.057779,0.176990,-0.209371
0.417734,-0.165701,0.194369,0.006565,0.211778
0.141280,0.102721,-0.079891,0.367949,-0.017618
0.016219,-0.570955,-0.184401,0.229657,-0.243737
-0.493336,-0.306624,-0.315899,-0.246278,0.071875
0.337927,0.656705,-0.181952,0.355454,0.329372
0.011810,-0.362345,0.247707,0.114017,0.118844
0.160658,-0.032244,-0.075821,0.224368,0.134878
0.035017,0.205367,0.231407,-0.148472,-0.025820
-0.042840,0.049763,-0.083086,-0.142681,-0.519371
0.257026,0.396722,-0.096204,-0.252933,-0.262918
0.013359,-0.161035,-0.036699,0.051979,-0.121818
0.313489,-0.402343,-0.365505,-0.054800,0.440188
-0.213237,0.489777,0.231132,-0.224045,0.270706
0.205989,0.066016,0.241606,-0.095717,0.186466
-0.072696,0.073618,-0.101210,-0.000368,-0.415313
0.212727,0.077308,0.082637,-0.278118,0.164541
0.224863,-0.217002,0.221515,-0.343827,-0.040643
0.536851,0.288711,-0.044521,-0.039998,0.156860
0.234862,0.165900,0.150001,0.387289,-0.170516
-0.328447,-0.303424,0.196255,0.143979,-0.264172
0.211017,-0.058317,-0.560980,-0.634897,-0.036412
0.112725,-0.187519,0.175434,-0.172026,0.305827
0.360827,-0.240643,0.018032,0.052691,-0.320637
-0.395893,-0.355041,0.296317,0.158283,0.514411
-0.103542,-0.051857,0.321311,0.211857,-0.314652
0.272863,-0.217074,0.682269,0.170562,-0.438733
0.031228,0.127794,0.440010,-0.268106,-0.545588
-0.142863,0.109619,0.364439,-0.084673,0.798192
0.182528,-0.117291,0.052131,0.550465,0.306620
-0.055594,0.066374,-0.157070,0.215486,0.107350
-0.096542,0.382657,0.014282,-0.111705,0.526169
0.087562,0.192023,-0.230626,0.184552,0.071268
0.231368,-0.597689,0.230973,0.097038,0.135673
-0.038024,0.244979,0.302142,0.370076,-0.416750
-0.679066,0.227043,0.410290,-0.584301,0.480076
-0.389690,0.187375,-0.318630,-0.104973,-0.501424
0.396442,-0.076157,-0.091975,0.094084,0.364006
-0.252932,0.147505,0.037888,-0.475607,0.173879
0.134876,0.364050,-0.368574,0.420482,0.281537
0.434949,0.378329,0.131948,-0.357663,-0.171600
0.273272,0.332161,-0.056796,-0.306229,-0.143091
0.029444,0.177776,-0.085934,0.529339,-0.128287
-0.321229,0.030411,0.466569,-0.604435,-0.308897
-0.110122,0.122381,-0.133572,0.542435,0.441988
-0.210878,-0.041893,0.000033,0.108587,0.128709
-0.283160,0.379766,0.107001,-0.106473,-0.095880
0.217772,-0.130214,-0.301516,0.111154,-0.333834
-0.142234,0.424953,0.187405,0.269764,0.238790
0.130371,-0.420316,-0.040038,-0.261301,0.023065
0.547819,0.143909,-0.013626,0.151294,0.080439
-0.256038,0.071668,0.128102,-0.157448,0.496810
-0.279925,0.183642,0.012099,-0.082413,0.363207
0.066275,-0.327468,0.633052,-0.189820,-0.191055
-0.229860,-0.005721,-0.416665,0.197019,0.248338
0.053148,-0.001598,-0.063168,-0.224903,-0.338546
-0.255597,0.420812,-0.370166,-0.017137,-0.021141
0.295160,0.120576,0.147808,0.568529,-0.533640
-0.472284,0.063908,-0.108406,0.117114,0.134930
-0.665701,0.147600,-0.272708,0.050638,0.060326
0.306738,-0.622379,-0.339027,0.367789,0.012851
0.057748,-0.082830,0.213686,-0.308230,-0.044251
0.218045,0.009384,0.126324,0.195278,-0.281028
0.225339,0.032705,-0.042045,-0.272967,0.356400
0.257240,0.250339,0.327217,-0.266323,0.161461
0.512747,0.439184,0.162554,0.390848,0.017047
-0.147016,0.361706,0.534811,0.221935,0.018788
-0.423533,0.205720,-0.578073,-0.081336,-0.494463
-0.021569,0.335563,0.450334,-0.113472,-0.001135
0.028119,0.453547,-0.186143,0.216005,-0.544599
0.024157,-0.122679,0.000141,0.163879,0.126184
-0.271633,-0.161728,-0.178340,-0.089974,0.279925
-0.210580,-0.111500,0.270061,-0.229692,0.257740
0.420232,-0.162037,0.133686,0.046707,-0.112160
-0.262610,-0.248337,0.634862,0.205531,0.496108
0.047856,0.011803,-0.056228,-0.028854,-0.249895
0.068882,-0.224478,-0.701802,0.140054,-0.247643
-0.258298,-0.200117,0.130148,-0.373404,-0.322668
0.193751,-0.178551,0.244049,0.021083,0.368172
0.093794,-0.184675,-0.129336,0.419997,-0.156052
0.205855,-0.305009,0.013256,-0.033393,0.172963
-0.056450,-0.170536,0.087483,-0.138167,0.116509
0.211610,0.309900,0.077962,-0.309050,0.048409
0.057440,0.161852,-0.297671,0.232151,0.442528
-0.334597,-0.251098,0.051055,0.254626,0.135352
-0.122558,0.184836,0.571313,-0.074616,-0.015414
-0.313488,0.282675,0.109602,-0.419749,-0.174052
0.073923,-0.040745,0.595793,0.176428,-0.465387
-0.382443,-0.609832,0.231556,0.523011,-0.087397
0.376536,0.221464,0.028537,-0.208576,-0.092622
-0.144624,-0.114426,-0.257107,-0.320248,-0.000229
0.086006,-0.261810,-0.167826,0.090437,0.310171
0.184669,0.034910,-0.011785,-0.274071,0.471627
0.133653,-0.272163,-0.445527,0.228639,0.122372
0.135493,-0.016047,-0.220204,0.117419,0.482710
0.087495,0.201132,0.336664,-0.345726,0.057002
0.170626,0.164949,-0.244385,-0.123487,-0.555774
0.161411,-0.428159,1.001951,-0.391521,0.246781
0.225338,-0.372078,0.036465,-0.411095,0.466241
-0.139687,0.143248,0.427466,0.168285,-0.007139
0.056142,-0.131330,-0.041051,-0.263850,0.451169
0.249915,0.179155,-0.414083,-0.215493,-0.021846
0.313489,-0.795424,0.227804,0.179310,0.026169
0.071490,0.206339,0.223252,-0.438825,0.457765
-0.314416,-0.390363,0.142575,0.103305,-0.537686
-0.316142,-0.161350,0.019328,-0.097169,0.010151
-0.039099,0.305518,-0.626178,-0.252778,0.102954
0.234934,0.209084,0.986234,0.099678,-0.392629
-0.488771,0.155992,-0.340567,-0.190049,0.503462
-0.277823,-0.391232,-0.051432,0.117725,0.304963
-0.155615,0.373928,-0.428368,-0.204962,0.010343
-0.736920,-0.021102,0.017623,0.128217,-0.154168
-0.614920,0.442221,0.173294,-0.155618,-0.353549
0.472375,-0.085868,0.350568,-0.109103,0.629793
-0.232905,-0.216546,0.214566,-0.135587,-0.400606
0.126890,-0.181574,-0.026997,0.192406,-0.357438
0.008668,0.302924,-0.042550,0.027821,0.198283
0.262526,-0.446155,0.236178,-0.307794,-0.514760
-0.922673,0.404001,0.044347,-0.291437,0.591963
-0.338426,0.046519,0.002541,-0.602061,0.423607
-0.386396,0.078012,0.283380,-0.084868,0.323608
0.202823,0.302255,0.241119,-0.035908,0.404122
-0.073909,0.240233,-0.251105,-0.329575,0.198827
0.174477,0.526773,-0.077559,0.462956,-0.074902
0.413059,0.096654,0.381640,0.299532,0.027752
0.183438,-0.029694,0.055757,0.195198,0.520609
-0.035196,-0.171709,0.111487,0.237079,0.131344
0.206970,-0.120729,0.279185,0.128215,-0.101801
0.099851,0.426954,-0.169061,0.120292,-0.097658
-0.003728,-0.170592,-0.278404,-0.378121,-0.241884
-0.016810,0.096600,0.197978,-0.025744,-0.225172
-0.238082,-0.050372,0.492361,-0.160594,-0.394326
-0.126398,-0.213936,0.262770,0.071422,-0.113308
-0.464969,0.301202,0.030014,0.220011,0.206099
0.189896,-0.461220,-0.202156,-0.275282,0.087935
-0.355565,-0.180571,0.017506,-0.816053,-0.323700
0.481544,0.228552,0.175992,0.090793,-0.051543
-0.149684,0.227398,-0.126753,0.150802,0.023862
-0.321513,0.588517,0.150239,0.107117,0.132528
-0.292631,-0.210282,-0.426084,0.101566,0.251209
-0.425638,0.166102,0.331202,-0.032743,-0.220393
0.073833,-0.169365,0.130257,0.540962,0.032686
0.265386,0.129389,-0.149750,0.117745,0.227896
0.085712,0.149694,-0.467062,-0.021438,-0.003610
0.275278,0.524531,0.077492,-0.363130,-0.259074
0.003276,0.256558,0.253632,0.164262,-0.007974
0.424177,-0.294736,0.652581,0.304992,-0.623402
-0.557598,-0.162251,0.199190,-0.041350,0.356556
-0.153938,-0.167853,-0.005927,0.135363,0.134098
-0.329818,0.237278,-0.261099,0.219516,-0.635592
-0.165369,-0.264359,0.228539,0.293679,-0.453615
-0.071739,-0.320598,0.053755,-0.199593,-0.265205
0.028103,-0.114970,-0.010295,-0.114141,-0.069673
-0.338418,0.119335,-0.286605,-0.202935,0.337027
0.104391,-0.121154,0.101405,-0.034983,0.153500
-0.384738,-0.048532,-0.203740,-0.771899,0.174165
0.542559,-0.652795,0.314105,0.133373,0.295559
0.628197,-0.270246,-0.215512,-0.061006,-0.233364
-0.340411,0.253509,-0.178600,-0.419472,-0.603008
-0.167771,0.033755,-0.597076,-0.071106,0.023223
0.012563,-0.001926,-0.241059,-0.067709,0.505381
-0.139372,0.242225,0.032589,-0.343237,0.327813
0.009800,0.101061,-0.154539,-0.285143,0.169446
0.182604,-0.325870,0.351300,-0.462007,-0.129274
0.187773,0.148886,-0.054571,0.634159,-0.236112
-0.259472,0.156484,-0.121963,-0.088176,0.125197
0.453830,0.049782,0.189295,-0.317472,0.187870
-0.486076,0.019921,-0.456677,0.169251,-0.098139
0.114310,-0.118966,-0.390951,0.190623,0.174117
-0.331635,0.802598,0.475065,-0.471318,-0.094363
0.526102,0.265960,-0.483196,-0.345334,-0.078760
-0.244633,-0.265880,0.182938,-0.195969,-0.439830
-0.448361,0.216484,-0.118202,0.295857,0.162878
0.030026,0.069304,-0.019632,0.092319,-0.149616
-0.167209,0.257933,0.296804,-0.064039,0.193366
-0.250014,-0.602800,-0.474965,0.382552,-0.152271
-0.090582,-0.135866,0.027989,-0.370783,0.727593
0.316744,-0.002442,0.403536,0.103001,0.031634
-0.249041,-0.131373,0.045226,-0.046664,0.037623
0.347821,0.173771,0.055681,-0.420355,0.094525
-0.375968,-0.092736,0.009305,0.067250,0.446572
0.009613,-0.330522,0.025750,-0.288096,0.265260
-0.111205,0.221455,-0.270862,-0.266190,0.154503
0.309054,-0.345485,-0.098476,0.137866,-0.079203
-0.059680,0.366348,-0.251384,0.110669,-0.239864
0.231585,0.070353,-0.459214,-0.202960,0.404161
0.424366,-0.158509,-0.080423,-0.048985,0.718764
0.730357,0.179493,-0.324055,0.801611,0.185796
-0.324199,-0.414866,-0.291627,0.420392,-0.159960
0.090884,0.018925,0.254518,-0.190931,-0.058785
-0.442858,0.082406,0.420016,-0.363189,0.173874
-0.152329,-0.279884,0.098905,-0.049733,0.132927
-0.203989,-0.059259,0.289693,-0.316213,-0.088202
0.121430,-0.399208,-0.376735,-0.234034,0.241964
-0.339642,0.183124,-0.092795,-0.124390,0.074449
0.432311,-0.244640,-0.497470,-0.588209,0.202341
0.174056,-0.377760,-0.269730,0.224871,0.682875
0.046928,-0.471240,0.163654,0.270326,-0.130208
-0.326236,0.012984,-0.404297,-0.265235,0.087590
0.308773,0.076224,-0.208501,0.176289,-0.682998
-0.430195,0.128201,-0.122560,-0.086468,-0.028381
0.318695,-0.139669,0.242935,-0.441107,0.207691
0.076031,-0.465359,0.239711,-0.311298,0.626987
0.088895,0.367559,0.318838,-0.004191,-0.130562
-0.736695,0.443270,-0.057538,0.387703,0.423224
-0.037529,0.370171,0.572903,0.856167,0.046294
-0.008805,-0.147828,0.155150,-0.058014,0.145631
0.073617,-0.259914,-0.033104,-0.258057,-0.342649
0.384683,0.200381,0.335118,-0.298920,-0.049768
-0.146340,0.647765,-0.080412,-0.003166,0.067632
0.051672,-0.405511,0.060966,-0.018831,0.124647
-0.120150,-0.243251,0.272679,0.129000,-0.210408
-0.506115,0.265065,0.015557,-0.208876,-0.090655
0.081661,-0.670796,0.429804,-0.142596,0.027093
0.455198,0.481598,-0.089052,0.200245,-0.013829
0.047910,-0.085733,0.294379,-0.211303,0.270846
0.084491,0.170929,-0.240414,0.064628,0.632410
-0.043446,0.814429,0.203965,-0.372480,0.343016
0.199125,0.437993,0.344114,-0.233288,-0.030391
0.069421,0.135238,-0.299485,0.201938,0.223271
0.271881,-0.220192,0.131144,-0.219341,-0.518206
-0.077492,0.180729,0.259058,-0.054596,0.035583
-0.408404,-0.446332,-0.562968,-0.065806,-0.154403
0.317285,-0.188803,-0.290882,0.192181,0.284146
-0.171264,-0.185444,0.650904,0.319006,0.204618
0.346360,-0.538471,-0.194586,0.031286,0.225400
-0.790491,0.084912,0.258485,0.333578,0.287542
-0.006295,-0.011768,0.079523,0.212587,0.339162
0.154875,-0.527181,0.324841,0.204819,0.022698
-0.661596,-0.198380,0.555234,-0.195006,-0.152340
0.248775,-0.160698,0.163596,-0.125408,-0.226666
-0.359146,0.377322,0.073166,-0.084423,-0.205182
-0.579180,-0.785292,0.087270,0.013258,-0.062803
0.050821,0.035250,-0.088216,0.553107,-0.139773
-0.271670,0.019848,0.083689,0.209159,0.221063
-0.240164,0.226813,0.381013,0.071608,-0.657450
0.417887,0.161943,-0.046306,-0.175051,0.006504
-0.124477,0.012167,0.138006,0.463655,-0.252068
0.330202,0.166573,-0.216396,0.080016,-0.182359
0.358487,0.586597,-0.218147,-0.541717,0.155820
-0.068079,-0.691673,-0.120715,-0.011502,-0.311565
-0.317475,0.149821,0.170590,-0.112984,1.064709
0.154537,0.274887,0.028988,0.011737,0.000837
0.000597,-0.001701,0.220002,0.047226,-0.529113
0.288515,-0.360447,0.365235,-0.123501,0.369225
0.429617,-0.082673,-0.275624,0.463939,-0.204104
0.186729,0.178926,-0.412585,-0.082771,-0.106839
-0.030847,0.175784,0.427580,0.139989,-0.136309
0.149968,-0.065193,-0.085061,0.070094,-0.165166
0.092296,-0.235250,-0.101347,0.266131,0.578645
-0.142199,-0.304579,-0.121475,0.349824,0.513609
0.203219,-0.095911,-0.590502,-0.543152,0.289996
-0.387712,0.572077,0.241327,0.059144,-0.075274
-0.150944,-0.044101,0.132380,0.295617,-0.273119
0.374038,0.107013,-0.340176,0.272200,-0.038802
-0.471494,0.698083,-0.078989,-0.009236,-0.207536
-0.236703,-0.119944,-0.190926,0.336616,0.519709
-0.024160,-0.459535,-0.060246,-0.634744,0.175946
-0.329231,0.330728,0.329045,0.115458,0.298105
-0.124594,0.177419,0.128072,-0.263086,-0.315432
0.076666,0.176573,0.004213,0.103811,0.690436
0.065616,0.127564,0.155355,0.388385,0.629414
-0.124550,-0.523305,0.353426,0.346872,-0.099938
-0.242287,-0.335888,0.567808,0.532134,0.229007
0.084809,0.165300,0.004548,-0.144753,0.042218
-0.034063,0.123384,-0.608966,-0.329697,0.361900
0.243106,-0.003747,-0.383021,0.117015,0.079517
0.150721,-0.513948,0.114254,-0.006486,-0.217132
0.081872,-0.299580,0.064178,0.058613,0.446504
0.584523,-0.389463,0.522897,-0.199372,0.351654
-0.052754,0.046327,-0.241917,-0.006369,0.135102
0.278381,-0.085856,0.098948,0.583016,-0.326014
-0.278905,0.196088,0.080112,-0.256173,-0.062015
0.121688,0.839479,0.210864,0.218591,0.378603
0.430239,-0.252536,0.173817,-0.164735,0.220884
0.375701,-0.333089,-0.161794,0.297017,-0.447016
0.468301,-0.422250,0.058796,-0.161553,-0.282884
-0.291499,0.025918,-0.088261,-0.429076,-0.033959
-0.034384,-0.017751,0.416112,0.209771,0.101401
-0.208300,0.205260,-0.281711,-0.147448,0.412317
-0.399322,0.443232,-0.168358,-0.376428,0.043389
-0.229250,0.170236,0.037816,-0.051533,-0.220773
-0.164417,0.141504,-0.218881,-0.034384,-0.347342
-0.149848,-0.019070,-0.325940,0.065384,0.280109
-0.159973,0.103987,-0.262022,0.448758,0.123940
-0.011271,-0.027753,0.181919,-0.029011,0.307119
-0.112098,0.024464,-0.283986,-0.456147,-0.170580
-0.139879,0.025690,0.143639,-0.164008,0.201232
0.059463,0.475930,0.136203,-0.151680,0.190075
-0.352239,0.680788,-0.255022,-0.301850,-0.074687
0.224021,-0.346309,-0.267698,0.790524,-0.041637
-0.033169,0.064693,-0.129664,0.019341,-0.015874
-0.289143,0.029832,0.795085,0.064844,0.341998
0.948917,-0.553282,0.013213,0.278696,-0.379002
0.269848,0.117208,0.346004,0.355703,0.122208
-0.021738,-0.040993,0.085817,0.339854,-0.408332
-0.050870,0.449160,-0.377716,-0.022306,0.989235
-0.010752,-0.084257,0.482885,0.484832,-0.081827
-0.148264,-0.215644,-0.145003,-0.092531,-0.415429
0.236108,-0.551141,0.279150,-0.173591,0.456992
0.305501,0.034278,0.203366,0.363625,-0.184471
0.066437,0.340531,0.168042,-0.560758,0.173513
0.124014,0.530449,0.007467,0.487723,0.169753
0.175043,0.521493,0.150237,-0.095895,0.019278
0.113366,-0.439270,-0.009235,0.027989,0.028825
-0.020230,-0.051045,0.050794,0.427708,-0.279860
0.017654,0.028346,-0.354372,-0.023230,0.211953
0.276850,0.094090,-0.259203,0.238643,-0.028602
-0.169501,-0.437821,0.126699,0.185395,0.285757
0.405198,-0.340326,0.408335,0.346680,-0.639975
0.294823,0.013268,-0.112682,-0.212596,-0.016573
0.023149,0.154939,-0.065322,0.088465,-0.487658
-0.213260,0.041219,-0.260238,0.339299,-0.174070
-0.461299,-0.284630,0.439576,-0.139162,0.388313
0.167444,-0.089054,-0.204958,-0.084655,0.014512
0.056553,0.038337,0.191679,0.299297,-0.111238
0.423757,0.022003,0.038783,-0.237979,0.084689
0.005445,-0.326470,-0.461300,-0.234922,-0.177303
0.050689,-0.108431,-0.171973,-0.325060,0.053045
-0.173604,0.262538,0.802231,-0.119355,0.100196
-0.584483,0.227126,-0.012823,-0.071260,0.169584
0.336361,-0.123908,0.351142,-0.286031,-0.107782
-0.241414,0.042983,-0.291659,0.305795,-0.132491
-0.142017,0.256250,-0.181343,0.586530,0.248818
-0.251914,0.227389,0.090451,0.144615,-0.380375
0.439517,-0.096530,0.074940,0.118845,0.477130
-0.285136,0.043423,0.153599,0.121268,-0.106272
0.025525,0.023822,-0.097073,-0.094779,-0.083920
-0.018766,0.376765,-0.193715,-0.039158,0.614201
0.136431,0.056565,-0.020551,-0.049970,0.256582
-0.243804,-0.187959,-0.411018,-0.090545,-0.146665
0.208094,0.298762,0.152804,0.139729,0.096390
0.384650,-0.006344,-0.266366,0.027394,-0.017473
0.332560,-0.293650,0.101282,-0.165087,0.058410
0.416135,0.068127,0.009438,-0.071295,-0.150498
0.321175,0.029496,-0.005315,-0.380690,0.291696
0.327322,-0.015307,0.241035,-0.435473,-0.281798
-0.314314,0.067731,-0.068323,-0.132366,0.017616
-0.138939,0.082310,-0.105282,-0.134005,0.270309
0.020325,-0.449969,0.069464,-0.408273,0.021731
0.309649,0.175595,-0.384573,0.787962,0.496139
0.555750,-0.131329,-0.194779,0.019123,-0.136028
0.396053,0.072428,-0.129580,0.078666,0.052748
-0.134418,-0.223195,-0.139117,0.364973,0.094860
-0.154826,-0.144546,-0.176093,0.093015,0.285178
-0.030510,0.145402,-0.340338,0.125705,-0.191276
0.336894,-0.092991,-0.413627,-0.342404,0.666509
-0.118322,0.164863,-0.058663,-0.595708,-0.156562
-0.368569,-0.060458,-0.135902,-0.237430,-0.285293
0.059004,0.396009,-0.005418,-0.523127,-0.274903
-0.185514,-0.106445,0.121768,0.092932,-0.496423
-0.032480,-0.047534,0.084491,-0.403232,-0.278282
0.371999,0.170469,-0.257490,0.241614,-0.095665
0.146351,-0.133965,0.102437,0.030278,-0.252172
0.020475,0.091129,-0.273225,-0.270716,-0.631703
-0.207481,0.274351,0.395043,0.247527,0.376048
0.008235,-0.531262,0.296664,0.574798,-0.321466
-0.278845,0.455655,0.150436,0.509386,0.137756
-0.193633,0.298813,0.127764,-0.357021,0.037473
0.315129,-0.115791,-0.229630,-0.088240,-0.104193
-0.284698,0.302799,-0.844160,-0.097037,-0.015109
-0.222369,-0.195169,-0.611226,0.491414,-0.303495
0.038426,-0.282564,-0.061743,-0.277203,0.588225
0.126603,-0.412289,-0.032055,0.111799,-0.047300
-0.395037,-0.321182,-0.127045,-0.380326,-0.145838
0.376983,0.040620,-0.103448,0.496665,-0.021665
-0.258167,0.102238,-0.311885,-0.528389,0.574772
0.339544,-0.113040,0.632307,-0.011126,-0.186785
-0.345177,0.388699,0.305156,-0.138745,-0.211731
-0.256201,0.492818,0.272038,0.054751,0.093850
0.125015,-0.582832,0.171084,-0.185917,-0.086169
-0.064780,-0.370056,-0.056492,-0.238326,0.380718
-0.568309,0.293414,0.528100,0.257064,0.511288
-0.054359,0.140240,0.176824,0.234787,0.289809
-0.417688,0.026364,-0.269677,0.208150,-0.216196
0.284511,0.143002,0.129650,-0.244807,-0.066179
0.165435,-0.103004,0.034471,-0.400797,-0.449156
0.370875,-0.161772,0.216502,0.247995,0.201096
-0.621674,0.212819,-0.083466,-0.640616,0.111507
-0.133794,0.400490,0.022915,0.076079,-0.486385
0.761054,-0.092132,-0.390312,-0.273613,-0.005243
0.004370,0.059908,0.180976,-0.070196,-0.543022
-0.284162,0.047832,-0.093972,0.052112,-0.389785
-0.174100,0.466472,0.139454,-0.142762,-0.248753
-0.136919,-0.084972,-0.040579,-0.057471,0.584745
0.015366,0.151781,-0.063158,0.264832,0.107545
-0.418359,-0.519420,-0.017952,0.098809,0.751664
0.322579,-0.301974,-0.283963,-0.413101,0.422630
-0.211023,0.097823,-0.122402,0.231724,-0.189234
-0.215881,0.089327,-0.186047,-0.150416,-0.239383
-0.026417,0.270750,-0.011903,0.003964,-0.039025
-0.005943,0.383019,0.071502,0.226702,0.019084
-0.329637,0.040578,-0.212538,0.094173,0.158807
0.475025,0.459045,0.080638,0.120764,-0.119552
-0.019136,0.292695,0.028988,0.562210,-0.558393
-0.268966,0.226508,0.029759,0.033884,0.086277
0.012982,0.031630,-0.238667,0.213126,-0.178299
0.003061,-0.014563,-0.075038,-0.306057,-0.004836
-0.029563,-0.078163,0.056411,0.121935,0.282857
-0.110458,0.062274,0.101888,0.461693,0.159723
0.053161,0.203446,-0.171646,0.442049,0.332564
0.137135,0.040267,-0.253814,-0.319909,-0.025698
-0.147356,-0.564071,0.383369,0.154081,0.115991
-0.446054,0.866873,-0.007182,-0.298897,0.224155
0.221288,0.224732,-0.212838,-0.143309,0.201133
-0.097932,-0.175103,0.474098,-0.406641,-0.307908
-0.450371,0.123887,0.431733,-0.019476,-0.043635
0.148461,-0.062425,-0.432075,-0.076913,-0.278490
0.443208,0.006584,0.386157,-0.167358,-0.563249
-0.028281,0.040692,0.200777,-0.686346,-0.142070
