Index,Eigenvalue
0,-0.175837
1,-0.030096
2,0.003465
3,0.005296
4,0.011980
5,0.015964
6,0.022940
7,0.034297
8,0.037178
9,0.041112
10,0.042932
11,0.043796
12,0.051460
13,0.053168
14,0.054801
15,0.057909
16,0.060690
17,0.061232
18,0.064233
19,0.064512
20,0.069248
21,0.070096
22,0.070460
23,0.073180
24,0.076358
25,0.082619
26,0.088319
27,0.093834
28,0.101655
29,0.102416
30,0.103877
31,0.104565
32,0.108933
33,0.121372
34,0.126737
35,0.131964
36,0.132436
37,0.132986
38,0.137971
39,0.138146
40,0.138373
41,0.156358
42,0.157808
43,0.159113
44,0.175356
45,0.179121
46,0.180809
47,0.190050
48,0.196559
49,0.213972
50,0.217244
51,0.244695
52,0.253903
53,0.261274
54,0.263987
55,0.271565
56,0.274074
57,0.277295
58,0.278478
59,0.289653
60,0.306148
61,0.317092
62,0.322582
63,0.328976
64,0.340258
65,0.340884
66,0.342599
67,0.349934
68,0.353369
69,0.357183
70,0.359521
71,0.360821
72,0.361637
73,0.375923
74,0.379102
75,0.393898
76,0.400663
77,0.409555
78,0.413559
79,0.414196
80,0.419295
81,0.424756
82,0.432395
83,0.441159
84,0.445332
85,0.450432
86,0.452769
87,0.453203
88,0.453332
89,0.488791
90,0.490378
91,0.502382
92,0.506709
93,0.523152
94,0.568233
95,0.572589
96,0.575853
97,0.596570
98,0.611027
99,0.612486
100,0.612909
101,0.639629
102,0.643655
103,0.644666
104,0.646470
105,0.666183
106,0.668328
107,0.672940
108,0.684057
109,0.685532
110,0.688597
111,0.711158
112,0.720511
113,0.721338
114,0.723000
115,0.732699
116,0.734179
117,0.753693
118,0.763449
119,0.766034
120,0.774229
121,0.778642
122,0.780098
123,0.792208
124,0.811699
125,0.824759
126,0.826824
127,0.835543
128,0.852707
129,0.870670
130,0.873144
131,0.877745
132,0.882062
133,0.909017
134,0.931544
135,0.932958
136,0.948456
137,0.960009
138,0.975983
139,0.992379
140,1.016886
141,1.027439
142,1.057387
143,1.064470
144,1.072097
145,1.099398
146,1.110930
147,1.112047
148,1.117257
149,1.145693
150,1.146944
151,1.155225
152,1.157622
153,1.159338
154,1.159344
155,1.195033
156,1.208024
157,1.209116
158,1.218622
159,1.230351
160,1.232612
161,1.232680
162,1.235694
163,1.287528
164,1.304947
165,1.324150
166,1.339485
167,1.352751
168,1.361285
169,1.381094
170,1.397886
171,1.420900
172,1.422256
173,1.426996
174,1.427555
175,1.436274
176,1.451853
177,1.469085
178,1.474975
179,1.492644
180,1.520895
181,1.523489
182,1.548342
183,1.551683
184,1.555665
185,1.566001
186,1.592946
187,1.644996
188,1.671493
189,1.686024
190,1.693421
191,1.700966
192,1.728863
193,1.730657
194,1.733718
195,1.750159
196,1.762432
197,1.783594
198,1.786555
199,1.786843
200,1.788623
201,1.789839
202,1.834548
203,1.863374
204,1.907255
205,1.913457
206,1.916131
207,1.961459
208,1.968895
209,1.971250
210,2.036167
211,2.041497
212,2.062730
213,2.065055
214,2.067021
215,2.085467
216,2.093948
217,2.100096
218,2.127548
219,2.155432
220,2.179547
221,2.222748
222,2.255322
223,2.268612
224,2.277133
225,2.303920
226,2.332964
227,2.372633
228,2.378517
229,2.394107
230,2.400367
231,2.420544
232,2.461771
233,2.465903
234,2.475977
235,2.480270
236,2.495858
237,2.504019
238,2.566037
239,2.617968
240,2.624208
241,2.675771
242,2.676303
243,2.741130
244,2.751454
245,2.793296
246,2.797640
247,2.799389
248,2.803044
249,2.838798
250,2.846473
251,2.903125
252,2.933865
253,2.937032
254,2.976192
255,2.976862
256,2.988243
257,2.989859
258,3.001088
259,3.029217
260,3.037086
261,3.128947
262,3.152266
263,3.188524
264,3.214161
265,3.224725
266,3.225286
267,3.254458
268,3.275968
269,3.279933
270,3.309870
271,3.356149
272,3.362342
273,3.368129
274,3.452137
275,3.471627
276,3.538282
277,3.542116
278,3.577222
279,3.605446
280,3.643220
281,3.648097
282,3.649448
283,3.653462
284,3.678783
285,3.686595
286,3.702857
287,3.711462
288,3.728356
289,3.736572
290,3.746203
291,3.781275
292,3.781858
293,3.801861
294,3.803290
295,3.816645
296,3.848730
297,3.876459
298,3.899973
299,3.901344
300,3.917827
301,3.928845
302,3.997859
303,4.024582
304,4.035202
305,4.073116
306,4.102105
307,4.103480
308,4.127325
309,4.160023
310,4.169129
311,4.222738
312,4.240269
313,4.260487
314,4.271344
315,4.299212
316,4.301412
317,4.322310
318,4.402631
319,4.424003
320,4.470432
321,4.512549
322,4.530087
323,4.534048
324,4.583972
325,4.608149
326,4.621465
327,4.664976
328,4.725629
329,4.733760
330,4.750188
331,4.783232
332,4.804770
333,4.816919
334,4.833084
335,4.850121
336,4.863524
337,4.869174
338,4.903170
339,4.908435
340,4.912512
341,5.003226
342,5.013430
343,5.063721
344,5.069471
345,5.071788
346,5.129031
347,5.137198
348,5.173719
349,5.175415
350,5.209651
351,5.221684
352,5.244500
353,5.245996
354,5.261588
355,5.278391
356,5.315178
357,5.361113
358,5.443685
359,5.446113
360,5.451906
361,5.455894
362,5.460178
363,5.469843
364,5.493984
365,5.575388
366,5.617603
367,5.630337
368,5.684750
369,5.698375
370,5.710105
371,5.716009
372,5.747447
373,5.757974
374,5.838346
375,5.875159
376,5.882469
377,5.904943
378,5.929716
379,5.935249
380,5.945457
381,5.949326
382,5.984747
383,6.040655
384,6.061335
385,6.127567
386,6.129268
387,6.156890
388,6.204062
389,6.243778
390,6.248382
391,6.288323
392,6.337852
393,6.350271
394,6.382336
395,6.464582
396,6.539864
397,6.595843
398,6.607565
399,6.632032
400,6.641116
401,6.664414
402,6.716411
403,6.724364
404,6.736547
405,6.802797
406,6.803401
407,6.833455
408,6.903875
409,6.927876
410,6.941336
411,6.957167
412,7.012247
413,7.018487
414,7.032773
415,7.033058
416,7.045537
417,7.047472
418,7.105272
419,7.113993
420,7.139646
421,7.198025
422,7.203206
423,7.213253
424,7.285903
425,7.295168
426,7.307901
427,7.329599
428,7.370580
429,7.399815
430,7.583694
431,7.684695
432,7.689586
433,7.691298
434,7.707946
435,7.805086
436,7.829381
437,7.836185
438,7.841017
439,7.862635
440,7.891067
441,7.900829
442,7.938789
443,7.945269
444,7.958941
445,7.970225
446,8.031037
447,8.050359
448,8.155860
449,8.157397
450,8.178813
451,8.183080
452,8.184016
453,8.227987
454,8.299134
455,8.403008
456,8.413585
457,8.436825
458,8.466123
459,8.468637
460,8.471975
461,8.621095
462,8.701213
463,8.731337
464,8.733091
465,8.740967
466,8.801491
467,8.852875
468,8.854209
469,8.890574
470,8.946861
471,8.947589
472,8.965550
473,8.984346
474,9.000442
475,9.186014
476,9.235830
477,9.280293
478,9.290129
479,9.329867
480,9.362434
481,9.470382
482,9.474030
483,9.519490
484,9.565646
485,9.578065
486,9.582011
487,9.599416
488,9.626084
489,9.667990
490,9.682602
491,9.688267
492,9.692125
493,9.772473
494,9.774029
495,9.873715
496,10.019341
497,10.120245
498,10.129587
499,10.177571
500,10.186586
501,10.260964
502,10.294975
503,10.346436
504,10.360256
505,10.386606
506,10.439187
507,10.460598
508,10.536885
509,10.601723
510,10.618917
511,10.708548
512,10.759884
513,10.778194
514,10.808121
515,10.816250
516,10.830999
517,10.841671
518,10.889933
519,10.921461
520,10.929856
521,10.984370
522,11.007833
523,11.141672
524,11.145595
525,11.153805
526,11.169079
527,11.196517
528,11.209375
529,11.307467
530,11.324165
531,11.336174
532,11.343963
533,11.370757
534,11.441046
535,11.452802
536,11.455209
537,11.473220
538,11.544074
539,11.733730
540,11.745358
541,11.799049
542,11.817371
543,11.823215
544,11.842422
545,11.853886
546,11.873348
547,11.881907
548,11.903951
549,11.937272
550,11.994713
551,12.120678
552,12.178257
553,12.348537
554,12.363871
555,12.408507
556,12.410400
557,12.420893
558,12.463762
559,12.489213
560,12.591907
561,12.601875
562,12.624734
563,12.656054
564,12.683900
565,12.715924
566,12.716383
567,12.731941
568,12.738093
569,12.814778
570,12.962446
571,12.978781
572,12.983912
573,13.106507
574,13.128047
575,13.129137
576,13.142294
577,13.214210
578,13.349629
579,13.388648
580,13.415489
581,13.433893
582,13.482252
583,13.593188
584,13.647769
585,13.810291
586,13.857767
587,13.865554
588,14.002104
589,14.175107
590,14.308189
591,14.342237
592,14.350065
593,14.377164
594,14.438393
595,14.517025
596,14.544888
597,14.577593
598,14.590349
599,14.623734
600,14.666271
601,14.722731
602,14.743002
603,14.769633
604,14.773517
605,14.834355
606,14.870493
607,14.952384
608,15.089515
609,15.107526
610,15.138638
611,15.165217
612,15.200926
613,15.336864
614,15.370511
615,15.401134
616,15.443980
617,15.481167
618,15.519373
619,15.644004
620,15.654137
621,15.692288
622,15.803942
623,15.822942
624,15.922967
625,16.040819
626,16.055016
627,16.059690
628,16.093876
629,16.185043
630,16.296995
631,16.373156
632,16.597372
633,16.622412
634,16.688873
635,16.717007
636,16.935711
637,17.011999
638,17.041613
639,17.127390
640,17.182669
641,17.196566
642,17.234533
643,17.275539
644,17.284966
645,17.287666
646,17.379526
647,17.452654
648,17.466372
649,17.486380
650,17.525951
651,17.717226
652,17.825674
653,17.912292
654,17.931692
655,17.951468
656,17.972994
657,17.981525
658,17.984907
659,18.047264
660,18.048767
661,18.198332
662,18.203485
663,18.218864
664,18.271849
665,18.284348
666,18.340971
667,18.441473
668,18.452862
669,18.495026
670,18.534451
671,18.538740
672,18.551294
673,18.633347
674,18.736542
675,18.844774
676,18.901705
677,18.942783
678,18.989088
679,19.005058
680,19.086613
681,19.103516
682,19.178375
683,19.211096
684,19.239048
685,19.243740
686,19.253967
687,19.291311
688,19.315235
689,19.385845
690,19.429487
691,19.445560
692,19.559795
693,19.617605
694,19.650177
695,19.729717
696,19.792839
697,19.865139
698,20.122303
699,20.331379
700,20.340107
701,20.348137
702,20.386713
703,20.427031
704,20.438770
705,20.464622
706,20.517139
707,20.526854
708,20.579887
709,20.682981
710,20.718248
711,20.734474
712,20.769749
713,20.835648
714,20.849804
715,20.876535
716,20.890709
717,20.945129
718,20.974604
719,21.068113
720,21.227022
721,21.246859
722,21.509359
723,21.529161
724,21.632076
725,21.639500
726,21.755308
727,21.840122
728,21.879059
729,21.895838
730,22.029261
731,22.107389
732,22.154615
733,22.246792
734,22.308262
735,22.340261
736,22.374294
737,22.402864
738,22.405773
739,22.538891
740,22.702127
741,22.710741
742,22.784777
743,22.795292
744,22.815453
745,22.908869
746,22.909986
747,22.961155
748,23.070541
749,23.147026
750,23.275290
751,23.307020
752,23.325651
753,23.465899
754,23.478466
755,23.499474
756,23.553299
757,23.570004
758,23.576729
759,23.691290
760,23.754917
761,23.778759
762,23.915079
763,23.955519
764,23.987928
765,23.994553
766,24.028622
767,24.068758
768,24.125397
769,24.323158
770,24.369034
771,24.472326
772,24.692934
773,24.703142
774,24.714907
775,24.766235
776,24.857077
777,24.858175
778,24.863747
779,24.955709
780,25.011709
781,25.059614
782,25.062773
783,25.213692
784,25.319361
785,25.388798
786,25.439302
787,25.455582
788,25.501282
789,25.562716
790,25.906776
791,25.925327
792,25.952686
793,25.957954
794,25.970768
795,25.980408
796,25.988022
797,26.022247
798,26.028549
799,26.155340
800,26.187847
801,26.244211
802,26.338984
803,26.507017
804,26.602045
805,26.747110
806,26.773270
807,26.911800
808,27.005146
809,27.020723
810,27.057764
811,27.078053
812,27.117290
813,27.170097
814,27.261391
815,27.327141
816,27.380476
817,27.421949
818,27.450653
819,27.665686
820,27.699596
821,27.744926
822,27.814327
823,27.848345
824,27.949921
825,28.053864
826,28.155548
827,28.165125
828,28.167320
829,28.178896
830,28.240637
831,28.287954
832,28.309425
833,28.427931
834,28.496868
835,28.592756
836,28.769747
837,28.807465
838,28.869320
839,28.918545
840,28.977797
841,29.283777
842,29.300743
843,29.372473
844,29.411732
845,29.489161
846,29.531727
847,29.547014
848,29.561337
849,29.566919
850,29.813889
851,29.842148
852,29.937925
853,29.961866
854,30.027876
855,30.136812
856,30.165937
857,30.215658
858,30.311390
859,30.431000
860,30.574238
861,30.574808
862,30.786814
863,30.867559
864,30.900118
865,30.913069
866,30.996014
867,31.037354
868,31.082323
869,31.108517
870,31.191837
871,31.254528
872,31.478168
873,31.484344
874,31.507633
875,31.587698
876,31.698105
877,31.792185
878,31.893101
879,31.894491
880,31.917282
881,31.932293
882,32.064346
883,32.078434
884,32.198902
885,32.329987
886,32.331848
887,32.436829
888,32.536179
889,32.616497
890,32.683861
891,32.846321
892,32.886700
893,33.033741
894,33.124123
895,33.133003
896,33.173756
897,33.316399
898,33.370171
899,33.438969
900,33.482769
901,33.504219
902,33.513897
903,33.520882
904,33.526688
905,33.547352
906,33.762753
907,33.867252
908,33.952709
909,34.099659
910,34.137829
911,34.222794
912,34.255741
913,34.288860
914,34.607746
915,34.633907
916,34.648533
917,34.963593
918,35.050701
919,35.094398
920,35.127823
921,35.151203
922,35.154034
923,35.330395
924,35.342373
925,35.380611
926,35.446869
927,35.463055
928,35.566948
929,35.593140
930,35.691597
931,35.704865
932,35.725525
933,35.802113
934,35.898293
935,36.163998
936,36.378021
937,36.527340
938,36.582203
939,36.590504
940,36.619431
941,36.757008
942,36.768051
943,36.774929
944,36.801334
945,36.813255
946,36.847157
947,37.007072
948,37.085907
949,37.123581
950,37.139111
951,37.163189
952,37.219990
953,37.257660
954,37.308247
955,37.370167
956,37.662441
957,37.665607
958,37.840889
959,37.877956
960,38.075092
961,38.148071
962,38.159241
963,38.199619
964,38.201431
965,38.352989
966,38.386658
967,38.581127
968,38.869991
969,38.891293
970,38.972256
971,39.019421
972,39.091812
973,39.136177
974,39.303539
975,39.326656
976,39.376789
977,39.402119
978,39.623745
979,39.642529
980,39.684196
981,39.779800
982,40.125790
983,40.191750
984,40.243050
985,40.311352
986,40.370499
987,40.371929
988,40.402874
989,40.542702
990,40.586983
991,40.777462
992,40.936657
993,41.029160
994,41.127987
995,41.129204
996,41.183731
997,41.213249
998,41.222160
999,41.275005
1000,41.546474
1001,41.657097
1002,41.677662
1003,41.680424
1004,41.761368
1005,41.775013
1006,41.799625
1007,41.860962
1008,42.047043
1009,42.124599
1010,42.181316
1011,42.378677
1012,42.450809
1013,42.535862
1014,42.697418
1015,42.746841
1016,42.835644
1017,43.030537
1018,43.118809
1019,43.176552
1020,43.246159
1021,43.281689
1022,43.311909
1023,43.580139
1024,43.625088
1025,43.762249
1026,43.811977
1027,43.830902
1028,43.905315
1029,43.972885
1030,43.986603
1031,44.162071
1032,44.168304
1033,44.271606
1034,44.315521
1035,44.322342
1036,44.326092
1037,44.438141
1038,44.510483
1039,44.556347
1040,44.609268
1041,44.675064
1042,44.918056
1043,44.939617
1044,45.063713
1045,45.123592
1046,45.204460
1047,45.347260
1048,45.359634
1049,45.513237
1050,45.592537
1051,45.781303
1052,45.866394
1053,45.945358
1054,45.984447
1055,46.247253
1056,46.265896
1057,46.417423
1058,46.518955
1059,46.609798
1060,46.759205
1061,46.781132
1062,46.814556
1063,46.885368
1064,47.032227
1065,47.079056
1066,47.176201
1067,47.220757
1068,47.576187
1069,47.596577
1070,47.602268
1071,47.703335
1072,47.742897
1073,47.776131
1074,47.792126
1075,47.841007
1076,47.951912
1077,48.034004
1078,48.068642
1079,48.224220
1080,48.548782
1081,48.590176
1082,48.660206
1083,48.678982
1084,48.758453
1085,48.876781
1086,48.965992
1087,49.031742
1088,49.440620
1089,49.501198
1090,49.507305
1091,49.604572
1092,49.620895
1093,49.636223
1094,49.669422
1095,49.698326
1096,49.861622
1097,49.985237
1098,50.042545
1099,50.053818
1100,50.067390
1101,50.260021
1102,50.275631
1103,50.456360
1104,50.561909
1105,50.767841
1106,50.771809
1107,51.044075
1108,51.177559
1109,51.302849
1110,51.380573
1111,51.385788
1112,51.468300
1113,51.533691
1114,51.554058
1115,51.615990
1116,51.650562
1117,51.670372
1118,51.675888
1119,51.901543
1120,51.911713
1121,51.974747
1122,51.986084
1123,52.372066
1124,52.460430
1125,52.501823
1126,52.731319
1127,52.740910
1128,52.754864
1129,52.844746
1130,52.889904
1131,52.950371
1132,52.986374
1133,53.010265
1134,53.176956
1135,53.177334
1136,53.186657
1137,53.223789
1138,53.343937
1139,53.355930
1140,53.696159
1141,53.697960
1142,53.879440
1143,54.169800
1144,54.216564
1145,54.288609
1146,54.395992
1147,54.414318
1148,54.518360
1149,54.583691
1150,54.755260
1151,54.832542
1152,54.839180
1153,55.233398
1154,55.307911
1155,55.308380
1156,55.336285
1157,55.385757
1158,55.535686
1159,55.917637
1160,56.245148
1161,56.317009
1162,56.380680
1163,56.382175
1164,56.404419
1165,56.414875
1166,56.443344
1167,56.454525
1168,56.482109
1169,56.746414
1170,56.747097
1171,56.769341
1172,56.802948
1173,56.821728
1174,57.098724
1175,57.098850
1176,57.465462
1177,57.708542
1178,57.959900
1179,57.962372
1180,58.043839
1181,58.171715
1182,58.223301
1183,58.254997
1184,58.259724
1185,58.270573
1186,58.463451
1187,58.516655
1188,58.529236
1189,58.571404
1190,58.573643
1191,58.834778
1192,58.918777
1193,58.962952
1194,58.999718
1195,59.043072
1196,59.396534
1197,59.607349
1198,59.725548
1199,59.815472
1200,59.835747
1201,60.243740
1202,60.292088
1203,60.590168
1204,60.621838
1205,60.717701
1206,60.762321
1207,60.773766
1208,60.790154
1209,60.946621
1210,61.009075
1211,61.193943
1212,61.239750
1213,61.267689
1214,61.415840
1215,61.573711
1216,61.637337
1217,61.645161
1218,61.654621
1219,62.051189
1220,62.156872
1221,62.211445
1222,62.255486
1223,62.299011
1224,62.329300
1225,62.390656
1226,62.453705
1227,62.579006
1228,62.589394
1229,62.644390
1230,62.887558
1231,63.007084
1232,63.021492
1233,63.329288
1234,63.435318
1235,63.457485
1236,63.597851
1237,63.629433
1238,63.657730
1239,63.890236
1240,63.972172
1241,64.086945
1242,64.271835
1243,64.351738
1244,64.357933
1245,64.600983
1246,64.612106
1247,64.790916
1248,64.966576
1249,65.110603
1250,65.130722
1251,65.157242
1252,65.224792
1253,65.311470
1254,65.388153
1255,65.413292
1256,65.762917
1257,65.773018
1258,66.000565
1259,66.226463
1260,66.277908
1261,66.351913
1262,66.373726
1263,66.394691
1264,66.438675
1265,66.459450
1266,66.814514
1267,66.926620
1268,66.958427
1269,67.056030
1270,67.073547
1271,67.181938
1272,67.189026
1273,67.333679
1274,67.629875
1275,67.810532
1276,67.857697
1277,67.981735
1278,68.036362
1279,68.114014
1280,68.213440
1281,68.265900
1282,68.504471
1283,68.820412
1284,68.911552
1285,69.010941
1286,69.032120
1287,69.150719
1288,69.186455
1289,69.278572
1290,69.372726
1291,69.378952
1292,69.468620
1293,69.703514
1294,69.810219
1295,69.813301
1296,69.860718
1297,69.898178
1298,69.903145
1299,70.068336
1300,70.076790
1301,70.771004
1302,70.852783
1303,70.953514
1304,70.975243
1305,70.994591
1306,71.147377
1307,71.258171
1308,71.357132
1309,71.436264
1310,71.639542
1311,71.666222
1312,71.683357
1313,71.914459
1314,71.933197
1315,72.030151
1316,72.047958
1317,72.052330
1318,72.112839
1319,72.375938
1320,72.803574
1321,72.948128
1322,72.949829
1323,72.995171
1324,73.103691
1325,73.179489
1326,73.188820
1327,73.221283
1328,73.258949
1329,73.329933
1330,73.331383
1331,73.478592
1332,73.566460
1333,73.645943
1334,73.888466
1335,73.901268
1336,74.048859
1337,74.398567
1338,74.879662
1339,74.914383
1340,75.018242
1341,75.094208
1342,75.124893
1343,75.145081
1344,75.314568
1345,75.389221
1346,75.448441
1347,75.555717
1348,75.817772
1349,75.850029
1350,76.063713
1351,76.133789
1352,76.261963
1353,76.325851
1354,76.367332
1355,76.679581
1356,76.825905
1357,76.918625
1358,77.158104
1359,77.244476
1360,77.247742
1361,77.264084
1362,77.287971
1363,77.618065
1364,77.787895
1365,77.989929
1366,78.203697
1367,78.205376
1368,78.260849
1369,78.277222
1370,78.282265
1371,78.357307
1372,78.489815
1373,78.559135
1374,78.796036
1375,78.907211
1376,79.080391
1377,79.083862
1378,79.086327
1379,79.350365
1380,79.491394
1381,79.714798
1382,79.720474
1383,79.735931
1384,79.852226
1385,80.064201
1386,80.300758
1387,80.371170
1388,80.566483
1389,80.712631
1390,80.776459
1391,80.853218
1392,80.930008
1393,81.017838
1394,81.119118
1395,81.181892
1396,81.622429
1397,81.654068
1398,81.795311
1399,81.821777
1400,81.991661
1401,82.176544
1402,82.200020
1403,82.294067
1404,82.318779
1405,82.490349
1406,82.500626
1407,82.680450
1408,82.761765
1409,82.787842
1410,83.031197
1411,83.049202
1412,83.156090
1413,83.383995
1414,83.582130
1415,83.659653
1416,83.820335
1417,84.367805
1418,84.492355
1419,84.504517
1420,84.540634
1421,84.619751
1422,84.668266
1423,84.713676
1424,84.720657
1425,84.730408
1426,84.796906
1427,85.248230
1428,85.273018
1429,85.273285
1430,85.517456
1431,85.699982
1432,85.782211
1433,85.853333
1434,85.882111
1435,86.221840
1436,86.538887
1437,86.540695
1438,86.807076
1439,86.809479
1440,86.971466
1441,87.001167
1442,87.052788
1443,87.056145
1444,87.107185
1445,87.155617
1446,87.399124
1447,87.680702
1448,87.720993
1449,88.145897
1450,88.254753
1451,88.259758
1452,88.284554
1453,88.429207
1454,88.435333
1455,88.467133
1456,88.595818
1457,88.734047
1458,88.865524
1459,89.050056
1460,89.067955
1461,89.093681
1462,89.195099
1463,89.381866
1464,89.446404
1465,89.682877
1466,90.095047
1467,90.163200
1468,90.163429
1469,90.212395
1470,90.363602
1471,90.377235
1472,90.439919
1473,90.508926
1474,90.686470
1475,90.729454
1476,90.974182
1477,91.279747
1478,91.453697
1479,91.669418
1480,91.693245
1481,91.759903
1482,92.091110
1483,92.250557
1484,92.321136
1485,92.441338
1486,92.472763
1487,92.486671
1488,92.535843
1489,92.888092
1490,92.982704
1491,93.042320
1492,93.049118
1493,93.314560
1494,93.324348
1495,93.498901
1496,93.649300
1497,93.698997
1498,93.732399
1499,93.754799
1500,94.010567
1501,94.237778
1502,94.589455
1503,94.668709
1504,94.699371
1505,94.876068
1506,95.084694
1507,95.097588
1508,95.195297
1509,95.457741
1510,95.463539
1511,95.496414
1512,95.858986
1513,95.863457
1514,96.005341
1515,96.184708
1516,96.194489
1517,96.199379
1518,96.229431
1519,96.502945
1520,96.586861
1521,96.593254
1522,96.667503
1523,96.869202
1524,97.024971
1525,97.088875
1526,97.402283
1527,97.644073
1528,97.724167
1529,98.214203
1530,98.261635
1531,98.424728
1532,98.500237
1533,98.607620
1534,98.673935
1535,98.750839
1536,99.131645
1537,99.571419
1538,99.699989
1539,99.714081
1540,99.789246
1541,99.833527
1542,99.930313
1543,100.077286
1544,100.255127
1545,100.374840
1546,100.392578
1547,100.437004
1548,100.472878
1549,100.501511
1550,100.543732
1551,100.573524
1552,100.877487
1553,101.258133
1554,101.318138
1555,101.462585
1556,101.765442
1557,101.810417
1558,101.930710
1559,101.933701
1560,101.968697
1561,102.099823
1562,102.250443
1563,102.259850
1564,102.867378
1565,103.098167
1566,103.146484
1567,103.237755
1568,103.496651
1569,103.576080
1570,103.651184
1571,103.722160
1572,103.803062
1573,103.853630
1574,103.984612
1575,103.987122
1576,104.045364
1577,104.180244
1578,104.492149
1579,104.659492
1580,104.923210
1581,104.947479
1582,105.107704
1583,105.108025
1584,105.252975
1585,105.697166
1586,105.810249
1587,106.055862
1588,106.092278
1589,106.265099
1590,106.294449
1591,106.468483
1592,106.526657
1593,106.609512
1594,106.703224
1595,106.934189
1596,107.302055
1597,107.404243
1598,107.407074
1599,107.501404
1600,107.565094
1601,107.709961
1602,107.771408
1603,107.954971
1604,108.200874
1605,108.210892
1606,108.305832
1607,108.356049
1608,108.527214
1609,108.815445
1610,109.160210
1611,109.173752
1612,109.209587
1613,109.379784
1614,109.550652
1615,109.577164
1616,109.703453
1617,109.937790
1618,109.967422
1619,110.099052
1620,110.174004
1621,110.288704
1622,110.590508
1623,110.717621
1624,110.897469
1625,111.243858
1626,111.359596
1627,111.425293
1628,111.552856
1629,111.555130
1630,111.801636
1631,111.832092
1632,111.931602
1633,112.307655
1634,112.308388
1635,112.382332
1636,112.509125
1637,112.704758
1638,112.834900
1639,113.223511
1640,113.342163
1641,113.449821
1642,113.463196
1643,113.527863
1644,113.682030
1645,113.769455
1646,113.819016
1647,113.970108
1648,114.415703
1649,114.528572
1650,114.624725
1651,114.709694
1652,114.849648
1653,115.033630
1654,115.103783
1655,115.311142
1656,115.526978
1657,115.756538
1658,115.808083
1659,115.986000
1660,116.108612
1661,116.152748
1662,116.495773
1663,116.612694
1664,116.719223
1665,116.922935
1666,116.932945
1667,117.302155
1668,117.581467
1669,117.626701
1670,117.638680
1671,117.712631
1672,117.735283
1673,117.841698
1674,117.939468
1675,117.966179
1676,118.000824
1677,118.001175
1678,118.529480
1679,118.713562
1680,118.930939
1681,118.936493
1682,118.959053
1683,119.108215
1684,119.184982
1685,119.650574
1686,119.840401
1687,120.245560
1688,120.291649
1689,120.451035
1690,120.598083
1691,120.848495
1692,120.907837
1693,120.924835
1694,121.066696
1695,121.298294
1696,121.312401
1697,121.365784
1698,121.706337
1699,121.855339
1700,121.944031
1701,122.324203
1702,122.411850
1703,122.849312
1704,122.850853
1705,122.958801
1706,123.006050
1707,123.169014
1708,123.273712
1709,123.409416
1710,123.482956
1711,123.668884
1712,124.119675
1713,124.165375
1714,124.344254
1715,124.354103
1716,124.370338
1717,124.607430
1718,124.838905
1719,124.848770
1720,124.902977
1721,124.920975
1722,125.423698
1723,125.965897
1724,126.040520
1725,126.057686
1726,126.127274
1727,126.168228
1728,126.351830
1729,126.363632
1730,126.400642
1731,126.699913
1732,126.835373
1733,126.983704
1734,127.021515
1735,127.050613
1736,127.054604
1737,127.118050
1738,127.121651
1739,127.380768
1740,127.514114
1741,127.774918
1742,127.858742
1743,128.105469
1744,128.127594
1745,128.233032
1746,128.370407
1747,128.453323
1748,128.623428
1749,128.631699
1750,128.680283
1751,129.033646
1752,129.147629
1753,129.600189
1754,129.609543
1755,129.865631
1756,129.982208
1757,129.991089
1758,130.144150
1759,130.228165
1760,130.247742
1761,130.405228
1762,130.469238
1763,130.601364
1764,130.623871
1765,131.170547
1766,131.563431
1767,131.567001
1768,131.671341
1769,132.191254
1770,132.349304
1771,132.567291
1772,132.649078
1773,132.837814
1774,132.916580
1775,133.171112
1776,133.243118
1777,133.268967
1778,133.458832
1779,133.616486
1780,133.798218
1781,133.893600
1782,133.992386
1783,134.275925
1784,134.328247
1785,134.505432
1786,134.589813
1787,134.821106
1788,134.970627
1789,134.971741
1790,135.229477
1791,135.671112
1792,135.686508
1793,135.888275
1794,136.316971
1795,136.434311
1796,136.533051
1797,136.694443
1798,136.710617
1799,136.808838
1800,136.944305
1801,137.012146
1802,137.168762
1803,137.356369
1804,137.703827
1805,138.005676
1806,138.110382
1807,138.210907
1808,138.614563
1809,138.632523
1810,138.718872
1811,138.785477
1812,138.865570
1813,139.063400
1814,139.335648
1815,139.340530
1816,139.353882
1817,139.877731
1818,139.895096
1819,140.018707
1820,140.116470
1821,140.127441
1822,140.385742
1823,140.442245
1824,140.952515
1825,141.296402
1826,141.305069
1827,141.315018
1828,141.649551
1829,141.674835
1830,141.744934
1831,141.758484
1832,141.909866
1833,142.276413
1834,142.352325
1835,142.426147
1836,142.637222
1837,142.659546
1838,142.738022
1839,143.012573
1840,143.674988
1841,143.763168
1842,143.820068
1843,143.836380
1844,144.014984
1845,144.536240
1846,144.584229
1847,144.603271
1848,144.638596
1849,144.738770
1850,144.768005
1851,145.026382
1852,145.202225
1853,145.228333
1854,145.571457
1855,145.925064
1856,145.943665
1857,146.135818
1858,146.194122
1859,146.355301
1860,146.381119
1861,146.482452
1862,146.529480
1863,146.544846
1864,147.013794
1865,147.159668
1866,147.429916
1867,147.450500
1868,147.613373
1869,147.795227
1870,147.852661
1871,148.008270
1872,148.175323
1873,148.229019
1874,148.417725
1875,148.566162
1876,148.929611
1877,149.353439
1878,149.442810
1879,149.460312
1880,149.582016
1881,149.775391
1882,149.890671
1883,150.107773
1884,150.120667
1885,150.606049
1886,150.811447
1887,150.888275
1888,150.990845
1889,151.146179
1890,151.434723
1891,151.449539
1892,151.525070
1893,152.079590
1894,152.133621
1895,152.578201
1896,152.578629
1897,152.757706
1898,152.897324
1899,153.172974
1900,153.458069
1901,153.499008
1902,153.512604
1903,153.578888
1904,153.607010
1905,153.715637
1906,153.832275
1907,154.022171
1908,154.301773
1909,154.364731
1910,154.577469
1911,154.802887
1912,155.309433
1913,155.440872
1914,155.551788
1915,155.807846
1916,155.856155
1917,155.908112
1918,156.039429
1919,156.088104
1920,156.418167
1921,156.541809
1922,156.752869
1923,156.883469
1924,157.155502
1925,157.199295
1926,157.263672
1927,157.558197
1928,157.638428
1929,157.970215
1930,158.006912
1931,158.158035
1932,158.335724
1933,158.709183
1934,158.815048
1935,159.067169
1936,159.430115
1937,159.461990
1938,159.523422
1939,159.607742
1940,159.997070
1941,160.058838
1942,160.302246
1943,160.672363
1944,160.679337
1945,160.758026
1946,160.841812
1947,161.054398
1948,161.197479
1949,161.762207
1950,161.922241
1951,161.930649
1952,161.999542
1953,162.125031
1954,162.174255
1955,162.216415
1956,162.435989
1957,162.717392
1958,162.727203
1959,162.782578
1960,162.802536
1961,162.844543
1962,163.457840
1963,163.654221
1964,163.933762
1965,163.944077
1966,164.107605
1967,164.210358
1968,164.416321
1969,165.105392
1970,165.132065
1971,165.177399
1972,165.557251
1973,165.564133
1974,165.712097
1975,165.860977
1976,166.152130
1977,166.324112
1978,166.333969
1979,166.339767
1980,166.389847
1981,166.631348
1982,166.870575
1983,166.902634
1984,167.125061
1985,167.186264
1986,167.842636
1987,168.020325
1988,168.023666
1989,168.275818
1990,169.013992
1991,169.156662
1992,169.262222
1993,169.346375
1994,169.347000
1995,169.413589
1996,169.999832
1997,170.054932
1998,170.100922
1999,170.105377
2000,170.158966
2001,170.195755
2002,170.477280
2003,170.502197
2004,171.319717
2005,171.402710
2006,171.485840
2007,171.624252
2008,171.795273
2009,171.809860
2010,171.818695
2011,172.108017
2012,172.618179
2013,172.879532
2014,173.119003
2015,173.249680
2016,173.425507
2017,173.436890
2018,174.013992
2019,174.235748
2020,174.236954
2021,174.414368
2022,174.419312
2023,174.425995
2024,174.516037
2025,174.543350
2026,174.723633
2027,174.741882
2028,175.025284
2029,175.466263
2030,175.503281
2031,175.514114
2032,175.737366
2033,175.874146
2034,176.055405
2035,176.864471
2036,176.936752
2037,177.057846
2038,177.167831
2039,177.346024
2040,177.576385
2041,177.859329
2042,177.967606
2043,178.191727
2044,178.322998
2045,178.549149
2046,178.578400
2047,178.622437
2048,178.649734
2049,179.520416
2050,179.598953
2051,179.733582
2052,179.829025
2053,180.068527
2054,180.361588
2055,180.369614
2056,180.502991
2057,180.659317
2058,180.713852
2059,180.740921
2060,180.829300
2061,181.042236
2062,181.321991
2063,181.877197
2064,181.961746
2065,182.101028
2066,182.306900
2067,182.565079
2068,182.590210
2069,182.734207
2070,183.432129
2071,183.459213
2072,183.533020
2073,183.658859
2074,183.663254
2075,184.080658
2076,184.211166
2077,184.545135
2078,184.688538
2079,184.770584
2080,184.918182
2081,185.225235
2082,185.283630
2083,185.422424
2084,185.624176
2085,185.810501
2086,185.886887
2087,186.268799
2088,186.611771
2089,186.612503
2090,186.658905
2091,186.727798
2092,187.239807
2093,187.427841
2094,187.513641
2095,187.763611
2096,188.155441
2097,188.171921
2098,188.288101
2099,188.470978
2100,188.503220
2101,188.694839
2102,188.737305
2103,189.065445
2104,189.105392
2105,189.444366
2106,189.582275
2107,190.129333
2108,190.186905
2109,190.293365
2110,190.570618
2111,190.785660
2112,190.816956
2113,190.923096
2114,190.956467
2115,191.528519
2116,191.648315
2117,191.681656
2118,191.874542
2119,192.207230
2120,192.376328
2121,192.520126
2122,192.556931
2123,192.654480
2124,193.092346
2125,193.355179
2126,193.633438
2127,194.334564
2128,194.384949
2129,194.585770
2130,194.664734
2131,194.671722
2132,194.766479
2133,194.934464
2134,195.137741
2135,195.443237
2136,195.470490
2137,195.552490
2138,195.574173
2139,196.015656
2140,196.227585
2141,196.718933
2142,196.786957
2143,197.006927
2144,197.090790
2145,197.329727
2146,197.397018
2147,197.447754
2148,197.631821
2149,197.787384
2150,198.016464
2151,198.430847
2152,198.569168
2153,198.697250
2154,198.872009
2155,199.041107
2156,199.440002
2157,199.464935
2158,199.682724
2159,199.897690
2160,199.953979
2161,200.443390
2162,200.496979
2163,200.506622
2164,200.815796
2165,200.918777
2166,201.411072
2167,201.450928
2168,201.901733
2169,201.913635
2170,201.940796
2171,201.975967
2172,202.122009
2173,202.228897
2174,202.802170
2175,203.150909
2176,203.258057
2177,203.486237
2178,203.523422
2179,203.778748
2180,203.950439
2181,204.005692
2182,204.162781
2183,204.525024
2184,204.637344
2185,204.800369
2186,204.811996
2187,204.984573
2188,205.531113
2189,205.604614
2190,205.804367
2191,205.866104
2192,205.871323
2193,206.533524
2194,206.880035
2195,207.326035
2196,207.331772
2197,207.384735
2198,207.548370
2199,207.553650
2200,207.700500
2201,207.763504
2202,207.882935
2203,207.966690
2204,208.416214
2205,208.842331
2206,209.223221
2207,209.473801
2208,209.839081
2209,209.923279
2210,210.303726
2211,210.317551
2212,210.435959
2213,210.511734
2214,210.672806
2215,210.690704
2216,210.926575
2217,210.934448
2218,211.306290
2219,211.334274
2220,212.274597
2221,212.360214
2222,212.387299
2223,212.563858
2224,212.593811
2225,212.833328
2226,212.835754
2227,213.276276
2228,213.290375
2229,213.706436
2230,213.805969
2231,213.934311
2232,214.029663
2233,214.449829
2234,214.529480
2235,214.566299
2236,215.063797
2237,215.172134
2238,215.385284
2239,215.502594
2240,216.323669
2241,216.371674
2242,216.481873
2243,216.529404
2244,216.539032
2245,216.919083
2246,216.933899
2247,217.317444
2248,217.528900
2249,217.793823
2250,217.954346
2251,218.108765
2252,218.303146
2253,218.815872
2254,218.819382
2255,218.903275
2256,219.117706
2257,219.549759
2258,219.676239
2259,220.186478
2260,220.206360
2261,220.253479
2262,220.260101
2263,220.515778
2264,220.617355
2265,221.012833
2266,221.056503
2267,221.409348
2268,221.485962
2269,222.380569
2270,222.561813
2271,222.740372
2272,223.250702
2273,223.259369
2274,223.290298
2275,223.344620
2276,223.465469
2277,223.617371
2278,223.797745
2279,223.817535
2280,224.323807
2281,224.331741
2282,224.633911
2283,224.841217
2284,224.978394
2285,225.008438
2286,225.155029
2287,225.206421
2288,225.918564
2289,226.436523
2290,226.461655
2291,226.609283
2292,226.864319
2293,226.903137
2294,226.977966
2295,227.119278
2296,227.376266
2297,227.978439
2298,228.121826
2299,228.234756
2300,228.299423
2301,228.392990
2302,228.764450
2303,228.781967
2304,229.270966
2305,229.470383
2306,229.528793
2307,229.581528
2308,230.288254
2309,230.317551
2310,230.472931
2311,230.492264
2312,230.672501
2313,230.741318
2314,230.792694
2315,231.114319
2316,231.643799
2317,231.932953
2318,232.038437
2319,232.300720
2320,232.547806
2321,232.611069
2322,232.935349
2323,233.039001
2324,233.293777
2325,233.332336
2326,233.622604
2327,233.812424
2328,234.378403
2329,234.674728
2330,234.688263
2331,234.756302
2332,235.135300
2333,235.348083
2334,235.435806
2335,235.677216
2336,235.819733
2337,236.014771
2338,236.243088
2339,236.261887
2340,236.429398
2341,236.756607
2342,236.927277
2343,237.004318
2344,237.568878
2345,237.592148
2346,237.604935
2347,237.719162
2348,237.928833
2349,238.591034
2350,238.712555
2351,239.110062
2352,239.530121
2353,239.614960
2354,239.619553
2355,239.737061
2356,239.968704
2357,240.085968
2358,240.656082
2359,240.861130
2360,241.010422
2361,241.022858
2362,241.305969
2363,241.445068
2364,241.514313
2365,241.840912
2366,241.874207
2367,242.563904
2368,243.125977
2369,243.272400
2370,243.401215
2371,243.593552
2372,243.601105
2373,243.854919
2374,244.132782
2375,244.173172
2376,244.210495
2377,244.340134
2378,244.847763
2379,245.102432
2380,245.149261
2381,245.365326
2382,245.692810
2383,245.779984
2384,246.139236
2385,246.164078
2386,246.823715
2387,247.273041
2388,247.322998
2389,247.828949
2390,248.031143
2391,248.346954
2392,248.427353
2393,248.566986
2394,248.633102
2395,248.784805
2396,248.872131
2397,249.041672
2398,249.217422
2399,249.271606
2400,249.429459
2401,249.749298
2402,250.189194
2403,250.275620
2404,250.651825
2405,250.701218
2406,250.905457
2407,251.064545
2408,251.639877
2409,251.839233
2410,252.185089
2411,252.422791
2412,252.544617
2413,252.574768
2414,252.581223
2415,252.999084
2416,253.073486
2417,253.115540
2418,253.814941
2419,253.924179
2420,254.149734
2421,254.433990
2422,254.954758
2423,254.961426
2424,255.492844
2425,255.539764
2426,255.875931
2427,255.936707
2428,255.950897
2429,255.980026
2430,256.267303
2431,256.526337
2432,256.966492
2433,257.043427
2434,257.368103
2435,257.423248
2436,257.571869
2437,258.049744
2438,258.110962
2439,258.539703
2440,258.652191
2441,259.006683
2442,259.364746
2443,259.574982
2444,259.618256
2445,259.899414
2446,259.905701
2447,259.985474
2448,260.238647
2449,260.326111
2450,260.601807
2451,260.941162
2452,261.476257
2453,261.544281
2454,261.579681
2455,261.973236
2456,262.054565
2457,262.929871
2458,263.223389
2459,263.299652
2460,263.564087
2461,263.657715
2462,263.725616
2463,263.756287
2464,263.972229
2465,264.667816
2466,264.854767
2467,264.984985
2468,265.167206
2469,265.430511
2470,265.653381
2471,265.668732
2472,265.849945
2473,265.892181
2474,266.266785
2475,266.404144
2476,266.816101
2477,267.337708
2478,267.481689
2479,267.706421
2480,267.734711
2481,267.762451
2482,267.844604
2483,268.113770
2484,268.451813
2485,268.962585
2486,269.589722
2487,269.721405
2488,269.735443
2489,269.885559
2490,270.137848
2491,270.143585
2492,270.344086
2493,270.569946
2494,270.860474
2495,271.158478
2496,271.263672
2497,271.353333
2498,271.612396
2499,271.659668
2500,271.876862
2501,272.110809
2502,272.633575
2503,272.732025
2504,272.744293
2505,273.208282
2506,273.287689
2507,273.433014
2508,273.972870
2509,274.189545
2510,274.523987
2511,274.911713
2512,275.140015
2513,275.558899
2514,275.867401
2515,275.883606
2516,276.141724
2517,276.305359
2518,276.589874
2519,276.617371
2520,276.878479
2521,277.085632
2522,277.341980
2523,277.555969
2524,277.788879
2525,278.047363
2526,278.317261
2527,278.774567
2528,278.903229
2529,279.096710
2530,279.231598
2531,279.291870
2532,279.969208
2533,280.253418
2534,280.383362
2535,280.408356
2536,280.747833
2537,281.015533
2538,281.290009
2539,281.306549
2540,282.221497
2541,282.314301
2542,282.431824
2543,282.743500
2544,283.166107
2545,283.377380
2546,283.472839
2547,283.536255
2548,283.679932
2549,283.711670
2550,283.905457
2551,284.346649
2552,284.545837
2553,284.660919
2554,284.871307
2555,285.004791
2556,285.145966
2557,285.476746
2558,285.601685
2559,286.388092
2560,286.501434
2561,286.644470
2562,286.970551
2563,287.062775
2564,287.501862
2565,287.806702
2566,288.088501
2567,288.210327
2568,288.308380
2569,288.621002
2570,288.854553
2571,288.957672
2572,289.069794
2573,289.138062
2574,289.205872
2575,289.879944
2576,290.640289
2577,290.765015
2578,290.815674
2579,291.428436
2580,291.564087
2581,291.591919
2582,291.646454
2583,291.790894
2584,292.158783
2585,292.327118
2586,292.474548
2587,292.502289
2588,293.547272
2589,293.611908
2590,293.716797
2591,293.740570
2592,294.109314
2593,294.199402
2594,295.003571
2595,295.175690
2596,295.208191
2597,295.632202
2598,295.819427
2599,296.266052
2600,296.300507
2601,296.624847
2602,296.886322
2603,296.965271
2604,297.064728
2605,297.207367
2606,297.406372
2607,297.977844
2608,298.084015
2609,298.269836
2610,298.489532
2611,298.707001
2612,298.776367
2613,299.024170
2614,299.288879
2615,299.403839
2616,299.560577
2617,299.924530
2618,300.371918
2619,300.764862
2620,300.876740
2621,301.311127
2622,301.468842
2623,301.616425
2624,301.796082
2625,302.009277
2626,302.320221
2627,302.737274
2628,302.771606
2629,303.210602
2630,303.538788
2631,303.767670
2632,303.856354
2633,303.932678
2634,304.053497
2635,304.894073
2636,304.984436
2637,305.093109
2638,305.659851
2639,305.855133
2640,305.987030
2641,306.522705
2642,306.539062
2643,306.646790
2644,306.922089
2645,307.377502
2646,307.522400
2647,307.650696
2648,308.100677
2649,308.174438
2650,308.235657
2651,308.416565
2652,308.481110
2653,309.040833
2654,309.304230
2655,309.437653
2656,309.506042
2657,309.581146
2658,309.710541
2659,310.426361
2660,310.490723
2661,310.780182
2662,311.219238
2663,311.422791
2664,311.785706
2665,312.364563
2666,312.418793
2667,312.428589
2668,312.862793
2669,313.148712
2670,313.477264
2671,313.796906
2672,313.995483
2673,314.459869
2674,314.481384
2675,314.714264
2676,314.779510
2677,314.914948
2678,315.472382
2679,315.622620
2680,315.974518
2681,316.249786
2682,316.576630
2683,316.635925
2684,316.940125
2685,317.034424
2686,317.622955
2687,317.965332
2688,318.245392
2689,318.265198
2690,318.414001
2691,318.450470
2692,318.548279
2693,319.090607
2694,319.323700
2695,319.359497
2696,319.487701
2697,319.873566
2698,320.460999
2699,320.472809
2700,320.551727
2701,320.846222
2702,320.964966
2703,321.224396
2704,321.345032
2705,321.825867
2706,322.071259
2707,322.148163
2708,322.163300
2709,323.153381
2710,323.175140
2711,323.801239
2712,324.019531
2713,324.173523
2714,324.895813
2715,325.126556
2716,325.251892
2717,325.405914
2718,325.668762
2719,325.741089
2720,325.887207
2721,326.939880
2722,327.030518
2723,327.058289
2724,327.336060
2725,327.391998
2726,327.661407
2727,327.671082
2728,327.899170
2729,328.412781
2730,328.746918
2731,328.973785
2732,329.030334
2733,329.130035
2734,329.565094
2735,330.110779
2736,330.205841
2737,330.441376
2738,330.655762
2739,330.681915
2740,331.005585
2741,331.338501
2742,331.723297
2743,332.032623
2744,332.065674
2745,332.070038
2746,332.552124
2747,333.060974
2748,333.603241
2749,333.711243
2750,333.887085
2751,334.218506
2752,334.280304
2753,334.438843
2754,334.467682
2755,335.618469
2756,335.693909
2757,335.746246
2758,335.859955
2759,335.880951
2760,336.228424
2761,336.461243
2762,337.413940
2763,337.539642
2764,337.592743
2765,337.957520
2766,338.082489
2767,338.091064
2768,338.202515
2769,338.364716
2770,338.420624
2771,338.959869
2772,339.148407
2773,339.431793
2774,339.578583
2775,339.762970
2776,339.884674
2777,340.993988
2778,341.559875
2779,341.791962
2780,342.028046
2781,342.275299
2782,342.382843
2783,342.639343
2784,342.735687
2785,342.860748
2786,342.900330
2787,343.214630
2788,343.774963
2789,343.804382
2790,343.859650
2791,344.943146
2792,345.286621
2793,345.401794
2794,345.531342
2795,345.761353
2796,345.826385
2797,346.386230
2798,346.700043
2799,346.778900
2800,346.872620
2801,347.025787
2802,347.147247
2803,347.203766
2804,347.537842
2805,348.178131
2806,348.767517
2807,348.882538
2808,349.849823
2809,349.943970
2810,350.026093
2811,350.364410
2812,350.379181
2813,350.591187
2814,350.712555
2815,351.064667
2816,351.071533
2817,351.495300
2818,351.893311
2819,352.255615
2820,352.262695
2821,352.423370
2822,352.896637
2823,352.901245
2824,353.081512
2825,353.361053
2826,353.908508
2827,354.314209
2828,354.621429
2829,354.705444
2830,354.736572
2831,355.172852
2832,355.245697
2833,356.365723
2834,356.399597
2835,356.877350
2836,357.271851
2837,357.304047
2838,357.413818
2839,357.466034
2840,357.934509
2841,358.586304
2842,358.645050
2843,358.717804
2844,358.737396
2845,358.760651
2846,359.048035
2847,359.117371
2848,359.804230
2849,359.980194
2850,360.083435
2851,360.142883
2852,360.926575
2853,360.955383
2854,361.906555
2855,362.244232
2856,362.278290
2857,362.334961
2858,362.782745
2859,362.888885
2860,363.007690
2861,363.558533
2862,363.742493
2863,363.847443
2864,363.909454
2865,364.037537
2866,365.902985
2867,365.973602
2868,366.300903
2869,366.457001
2870,366.768585
2871,366.994965
2872,367.163422
2873,367.184143
2874,367.255676
2875,367.439575
2876,367.643066
2877,368.260864
2878,368.495117
2879,369.098114
2880,369.252045
2881,369.465454
2882,369.663544
2883,369.891815
2884,370.465942
2885,370.847809
2886,370.925781
2887,371.042542
2888,371.219421
2889,371.394531
2890,371.558594
2891,372.024353
2892,372.532166
2893,372.741333
2894,373.024872
2895,373.385315
2896,373.854919
2897,373.856262
2898,374.128906
2899,374.159393
2900,374.172485
2901,374.837555
2902,375.783600
2903,375.872253
2904,375.905518
2905,376.469696
2906,376.508148
2907,376.526825
2908,376.940063
2909,377.373352
2910,377.469971
2911,377.824249
2912,378.332794
2913,379.094452
2914,379.171997
2915,379.218811
2916,379.346466
2917,379.496643
2918,379.853363
2919,380.081848
2920,380.360748
2921,380.363098
2922,380.872314
2923,381.184998
2924,381.523590
2925,381.741089
2926,382.196320
2927,382.467041
2928,382.539062
2929,382.716034
2930,383.164581
2931,383.293579
2932,383.830231
2933,384.118896
2934,384.411774
2935,384.574036
2936,384.927673
2937,385.470795
2938,385.651611
2939,385.953552
2940,386.099701
2941,386.249298
2942,386.634216
2943,386.651764
2944,386.663910
2945,387.244324
2946,387.614166
2947,387.848846
2948,388.217987
2949,388.278595
2950,388.459930
2951,388.701843
2952,389.512146
2953,389.669464
2954,390.185211
2955,390.514069
2956,390.623871
2957,390.897064
2958,391.057098
2959,391.582642
2960,392.030823
2961,392.061493
2962,392.334778
2963,392.459503
2964,392.489777
2965,392.649567
2966,392.686157
2967,392.940735
2968,393.295441
2969,393.297760
2970,393.307800
2971,394.557953
2972,395.122955
2973,395.543762
2974,395.620667
2975,395.743439
2976,395.794556
2977,396.240112
2978,396.353058
2979,396.707947
2980,397.024567
2981,397.340393
2982,398.125153
2983,398.341461
2984,398.500885
2985,399.204407
2986,399.217896
2987,399.399750
2988,399.816864
2989,400.003723
2990,400.089142
2991,400.351959
2992,400.601807
2993,400.758789
2994,401.217072
2995,401.446625
2996,401.794525
2997,401.845734
2998,402.529663
2999,402.602631
3000,403.312531
3001,403.501343
3002,404.423279
3003,404.518616
3004,404.525940
3005,404.577698
3006,405.029938
3007,405.878204
3008,406.110840
3009,406.258026
3010,406.922272
3011,407.038788
3012,407.171844
3013,407.208710
3014,407.372894
3015,407.531616
3016,408.169067
3017,408.241974
3018,408.302429
3019,408.685333
3020,409.123627
3021,409.228607
3022,409.380127
3023,409.433228
3024,409.839355
3025,410.805542
3026,410.888275
3027,410.981384
3028,411.209930
3029,411.324127
3030,411.561951
3031,412.108093
3032,412.271545
3033,412.422089
3034,413.328003
3035,413.330902
3036,413.625397
3037,414.830322
3038,414.880585
3039,415.395416
3040,415.697998
3041,415.862213
3042,415.886993
3043,416.755280
3044,417.269226
3045,417.324371
3046,417.612488
3047,417.786926
3048,417.814117
3049,417.939575
3050,418.492737
3051,418.767609
3052,418.892090
3053,418.990631
3054,419.232147
3055,420.012115
3056,420.168335
3057,420.304962
3058,420.726898
3059,421.009399
3060,421.033600
3061,421.506775
3062,421.559631
3063,421.769958
3064,422.691406
3065,422.892639
3066,422.954865
3067,423.087921
3068,423.244171
3069,423.372314
3070,424.360779
3071,424.579559
3072,424.902466
3073,425.154572
3074,425.511047
3075,425.855774
3076,425.965027
3077,426.027069
3078,426.511200
3079,426.996277
3080,427.118408
3081,427.871979
3082,428.038452
3083,428.078308
3084,428.159912
3085,428.345459
3086,428.789581
3087,429.183807
3088,429.334686
3089,429.504883
3090,430.010925
3091,430.412445
3092,430.487671
3093,431.200989
3094,431.582092
3095,432.080658
3096,432.254974
3097,432.429596
3098,432.884460
3099,433.429260
3100,433.560516
3101,433.648590
3102,434.010742
3103,434.720062
3104,434.724579
3105,435.412018
3106,436.134796
3107,436.180725
3108,436.249695
3109,436.334930
3110,436.758636
3111,436.802002
3112,437.232788
3113,437.371490
3114,438.521698
3115,438.793152
3116,439.016693
3117,439.137329
3118,439.443359
3119,439.552612
3120,439.857605
3121,440.191467
3122,440.225708
3123,440.688538
3124,440.782471
3125,441.242767
3126,441.702637
3127,441.786865
3128,441.818420
3129,442.057068
3130,442.154205
3131,443.136230
3132,443.176697
3133,444.266052
3134,444.557831
3135,444.607574
3136,444.700226
3137,445.219696
3138,445.337097
3139,445.590851
3140,445.758026
3141,445.825745
3142,446.362854
3143,446.859833
3144,446.941772
3145,448.457336
3146,448.895721
3147,449.266327
3148,449.270691
3149,449.351196
3150,449.511658
3151,449.564789
3152,449.639771
3153,450.418488
3154,450.910889
3155,451.202454
3156,451.715118
3157,452.004639
3158,452.340973
3159,452.369049
3160,452.603088
3161,452.786469
3162,452.855103
3163,453.007935
3164,453.118286
3165,453.765533
3166,454.394531
3167,455.031708
3168,455.129395
3169,455.196167
3170,455.641083
3171,455.961243
3172,456.792938
3173,456.916077
3174,457.405487
3175,457.704834
3176,457.988739
3177,458.055145
3178,458.375397
3179,458.644745
3180,458.786621
3181,458.827087
3182,459.473602
3183,459.763855
3184,460.206024
3185,460.391296
3186,460.415131
3187,461.112030
3188,461.423462
3189,461.522949
3190,462.313354
3191,462.347626
3192,463.041931
3193,463.301208
3194,463.711975
3195,463.773254
3196,463.825012
3197,463.878937
3198,464.112488
3199,464.978027
3200,465.611267
3201,465.624756
3202,465.739197
3203,466.270111
3204,466.281128
3205,467.150360
3206,467.556427
3207,467.678864
3208,467.966858
3209,468.522064
3210,468.805847
3211,468.891052
3212,468.982605
3213,469.143982
3214,469.572510
3215,470.392517
3216,470.405334
3217,471.021545
3218,471.224609
3219,471.799591
3220,471.899109
3221,471.974304
3222,472.821991
3223,472.941864
3224,473.154816
3225,473.383118
3226,473.605408
3227,473.774017
3228,474.440186
3229,474.505005
3230,475.160400
3231,475.671692
3232,475.815552
3233,476.347626
3234,476.895996
3235,476.945221
3236,477.311707
3237,477.919952
3238,478.105499
3239,478.238434
3240,478.970612
3241,479.125244
3242,479.147095
3243,479.406738
3244,480.466797
3245,480.551270
3246,480.985321
3247,481.013733
3248,481.880554
3249,482.287720
3250,482.612579
3251,482.968323
3252,482.989716
3253,483.184509
3254,483.199402
3255,483.223267
3256,483.879517
3257,484.373901
3258,484.682343
3259,484.804565
3260,485.217773
3261,485.230194
3262,485.923187
3263,485.953979
3264,486.371765
3265,486.627441
3266,487.177155
3267,487.331543
3268,487.376617
3269,487.431793
3270,487.551453
3271,488.536469
3272,488.678436
3273,489.274994
3274,489.740326
3275,489.801178
3276,490.134338
3277,490.223328
3278,490.453461
3279,491.273590
3280,491.361816
3281,491.794189
3282,492.301544
3283,492.595062
3284,492.727295
3285,493.278961
3286,493.340118
3287,493.913727
3288,494.100525
3289,494.690247
3290,495.336578
3291,495.585449
3292,495.954193
3293,495.955231
3294,496.402954
3295,496.775238
3296,497.143890
3297,497.481232
3298,497.591064
3299,498.113770
3300,498.224701
3301,499.087311
3302,499.825867
3303,500.231567
3304,500.373077
3305,500.393188
3306,500.543976
3307,500.615936
3308,501.093506
3309,501.390106
3310,501.578247
3311,501.973480
3312,502.161530
3313,503.263702
3314,503.805908
3315,504.474884
3316,504.488525
3317,504.869751
3318,504.984131
3319,505.331024
3320,505.408813
3321,505.567017
3322,506.323853
3323,507.069031
3324,507.189056
3325,507.421692
3326,507.863434
3327,508.508270
3328,508.786865
3329,509.050476
3330,509.374695
3331,509.551941
3332,509.570709
3333,509.800720
3334,510.876892
3335,511.016449
3336,511.100586
3337,511.303650
3338,511.730225
3339,512.081299
3340,512.332642
3341,512.649597
3342,514.017761
3343,514.041504
3344,514.488220
3345,514.562683
3346,514.750977
3347,515.452332
3348,516.215759
3349,516.350769
3350,516.570251
3351,516.951538
3352,517.447693
3353,517.664856
3354,517.686707
3355,517.811707
3356,518.311462
3357,519.352539
3358,519.529236
3359,520.118408
3360,520.319702
3361,520.425415
3362,520.499756
3363,520.599426
3364,520.982727
3365,521.950867
3366,521.970093
3367,522.283813
3368,523.007812
3369,523.091980
3370,523.250854
3371,523.399353
3372,523.752563
3373,524.251587
3374,524.349426
3375,525.028748
3376,525.045593
3377,525.252136
3378,525.290344
3379,525.960571
3380,526.618469
3381,527.689697
3382,528.042603
3383,528.051453
3384,528.133484
3385,528.339539
3386,528.440369
3387,528.460693
3388,528.610535
3389,528.928528
3390,529.584961
3391,531.049133
3392,531.175903
3393,531.213440
3394,531.501831
3395,531.666504
3396,532.093384
3397,532.596069
3398,532.848938
3399,533.800781
3400,533.990601
3401,534.176270
3402,534.679810
3403,534.697083
3404,535.198364
3405,536.222473
3406,536.515198
3407,536.768921
3408,537.333801
3409,537.481995
3410,537.482422
3411,537.721252
3412,537.885620
3413,538.488037
3414,538.528381
3415,539.561157
3416,539.654541
3417,539.839783
3418,540.361206
3419,540.380798
3420,541.496521
3421,542.173218
3422,542.218262
3423,542.314758
3424,542.495605
3425,543.266235
3426,543.449707
3427,543.708374
3428,544.196472
3429,544.807983
3430,545.086060
3431,545.912476
3432,546.108582
3433,546.485107
3434,546.559082
3435,546.807495
3436,547.081726
3437,547.791931
3438,548.589172
3439,548.847900
3440,548.880676
3441,549.649536
3442,549.671997
3443,549.891846
3444,550.440247
3445,550.440857
3446,550.767090
3447,550.856201
3448,551.062561
3449,551.672791
3450,553.054199
3451,553.231262
3452,553.294373
3453,553.452332
3454,554.150024
3455,554.357361
3456,554.751221
3457,554.950806
3458,555.474731
3459,556.254883
3460,556.306763
3461,556.640076
3462,556.652283
3463,556.963196
3464,557.482544
3465,558.346985
3466,558.591370
3467,558.743347
3468,559.069641
3469,559.137146
3470,559.340942
3471,559.845276
3472,560.199768
3473,561.330627
3474,561.458618
3475,561.890015
3476,561.907349
3477,562.615540
3478,562.795166
3479,562.812073
3480,563.051270
3481,563.370422
3482,563.575378
3483,565.005798
3484,565.014465
3485,565.688721
3486,566.015564
3487,566.237244
3488,566.290100
3489,566.902283
3490,567.070251
3491,567.105469
3492,567.294922
3493,567.566833
3494,568.772278
3495,569.008423
3496,569.682190
3497,570.312744
3498,570.632446
3499,570.764954
3500,571.705994
3501,571.830994
3502,571.965576
3503,572.325439
3504,572.541565
3505,573.091919
3506,573.292480
3507,573.624878
3508,574.344421
3509,574.929321
3510,575.285522
3511,576.331848
3512,576.571411
3513,576.825623
3514,576.917847
3515,577.071228
3516,577.109741
3517,577.894348
3518,577.996338
3519,578.655701
3520,578.870300
3521,578.973816
3522,580.063538
3523,580.115784
3524,580.610474
3525,580.987610
3526,581.714111
3527,581.863464
3528,581.941711
3529,582.057678
3530,582.842957
3531,583.081421
3532,583.955383
3533,584.067017
3534,584.284485
3535,584.936340
3536,584.982605
3537,585.041504
3538,585.269470
3539,585.973511
3540,586.524109
3541,587.797241
3542,587.926819
3543,588.204285
3544,588.890747
3545,589.038086
3546,589.586243
3547,589.610229
3548,589.701843
3549,589.829590
3550,590.077942
3551,590.509216
3552,590.649109
3553,591.160156
3554,591.628418
3555,591.786743
3556,591.958008
3557,592.954895
3558,594.432983
3559,594.437378
3560,594.487305
3561,595.920715
3562,596.047241
3563,596.092957
3564,596.165710
3565,596.752563
3566,596.910522
3567,597.191650
3568,597.834045
3569,597.972412
3570,598.043579
3571,598.618713
3572,598.822876
3573,598.840271
3574,599.314880
3575,600.528625
3576,601.247009
3577,601.947632
3578,602.282471
3579,602.454529
3580,602.833557
3581,603.226868
3582,603.391785
3583,604.032837
3584,604.167175
3585,604.569031
3586,604.966125
3587,605.410889
3588,605.859558
3589,606.322510
3590,606.498901
3591,606.782288
3592,607.699280
3593,607.822632
3594,608.222046
3595,608.404175
3596,608.748718
3597,609.179993
3598,609.265137
3599,609.569153
3600,610.054016
3601,610.180725
3602,610.945862
3603,611.345764
3604,612.648315
3605,612.759888
3606,612.772766
3607,612.874390
3608,612.910889
3609,612.917908
3610,613.056213
3611,614.685852
3612,615.261719
3613,615.401978
3614,616.202820
3615,616.491333
3616,616.522034
3617,617.036804
3618,617.079224
3619,617.348206
3620,617.989868
3621,618.098083
3622,619.260254
3623,619.799072
3624,620.047241
3625,620.052979
3626,620.372681
3627,621.090637
3628,621.423218
3629,622.071960
3630,622.884155
3631,622.994507
3632,623.195923
3633,623.699951
3634,624.296814
3635,624.377258
3636,624.426636
3637,624.684204
3638,624.973999
3639,625.050049
3640,625.744995
3641,626.423706
3642,627.074280
3643,627.307678
3644,627.804810
3645,628.601013
3646,628.811829
3647,629.244873
3648,629.264832
3649,629.287903
3650,629.373108
3651,630.263916
3652,630.719727
3653,630.787231
3654,631.456421
3655,631.912292
3656,632.885437
3657,633.211060
3658,633.274414
3659,633.366516
3660,633.804749
3661,634.558472
3662,634.926636
3663,635.564209
3664,635.734497
3665,636.109253
3666,637.364319
3667,637.436462
3668,637.476074
3669,637.946960
3670,637.953918
3671,638.738464
3672,638.783142
3673,639.319641
3674,639.444702
3675,640.477112
3676,641.472046
3677,641.656799
3678,641.938416
3679,642.206543
3680,642.342224
3681,642.610779
3682,642.876709
3683,643.132263
3684,643.574524
3685,643.626526
3686,644.247070
3687,644.854980
3688,645.574280
3689,646.177612
3690,646.508606
3691,646.961609
3692,647.851013
3693,648.066589
3694,648.226135
3695,648.710754
3696,649.180359
3697,649.332642
3698,649.388733
3699,650.246033
3700,650.574341
3701,650.919373
3702,651.162354
3703,651.533081
3704,651.760742
3705,653.404236
3706,654.005249
3707,654.413391
3708,654.587219
3709,654.595825
3710,654.940674
3711,655.009338
3712,655.205383
3713,655.862854
3714,657.098816
3715,657.133423
3716,657.317078
3717,657.469543
3718,658.219910
3719,658.643433
3720,659.750488
3721,661.042603
3722,661.078674
3723,661.210022
3724,661.307068
3725,661.356079
3726,661.758484
3727,661.778564
3728,662.266052
3729,663.122009
3730,663.199768
3731,663.517639
3732,663.597412
3733,664.158936
3734,664.661255
3735,665.770081
3736,665.923462
3737,666.965576
3738,668.414978
3739,668.431763
3740,668.510376
3741,668.543579
3742,668.606262
3743,668.776672
3744,668.793152
3745,669.869995
3746,670.013000
3747,670.298279
3748,670.422913
3749,671.316162
3750,672.699890
3751,673.035461
3752,673.107483
3753,673.163391
3754,673.519226
3755,673.768311
3756,674.123596
3757,674.806702
3758,675.228333
3759,675.552185
3760,675.712036
3761,676.134949
3762,676.558838
3763,676.947266
3764,677.080139
3765,678.053040
3766,678.288147
3767,678.785645
3768,679.201660
3769,679.775818
3770,679.997253
3771,680.156067
3772,681.445679
3773,682.132568
3774,682.303467
3775,682.625732
3776,682.904846
3777,683.335632
3778,683.713440
3779,684.197388
3780,684.858276
3781,685.763977
3782,686.059875
3783,686.274719
3784,686.870850
3785,687.298218
3786,687.434631
3787,688.084717
3788,688.126526
3789,688.254883
3790,688.830872
3791,689.694397
3792,690.828979
3793,691.060486
3794,691.065918
3795,692.004578
3796,692.670654
3797,692.882141
3798,693.105591
3799,693.138672
3800,693.412659
3801,693.744751
3802,693.973267
3803,694.956970
3804,695.116028
3805,695.144165
3806,696.736511
3807,697.138855
3808,697.454773
3809,697.658997
3810,697.955566
3811,698.360596
3812,699.318176
3813,699.334778
3814,699.867188
3815,700.451294
3816,700.781921
3817,701.104614
3818,701.702209
3819,701.981567
3820,702.099304
3821,703.584167
3822,703.765869
3823,703.897278
3824,703.907654
3825,704.386475
3826,705.056885
3827,705.584229
3828,706.249023
3829,706.429810
3830,706.633057
3831,707.818970
3832,708.177368
3833,709.114746
3834,709.319519
3835,710.062561
3836,710.330566
3837,710.475708
3838,710.618164
3839,711.114746
3840,711.125671
3841,712.175903
3842,712.324585
3843,712.381409
3844,712.623230
3845,713.169922
3846,713.556213
3847,714.036438
3848,714.592896
3849,715.431824
3850,715.608765
3851,716.346802
3852,716.517334
3853,717.445740
3854,717.555298
3855,717.734619
3856,717.803650
3857,717.844238
3858,719.344116
3859,720.132507
3860,720.224731
3861,720.507141
3862,721.256287
3863,721.570435
3864,721.916992
3865,722.192871
3866,722.349365
3867,724.125488
3868,724.297791
3869,724.701843
3870,724.903870
3871,725.461975
3872,725.814453
3873,726.042175
3874,726.879700
3875,727.167480
3876,728.250366
3877,728.764343
3878,728.959045
3879,729.078186
3880,730.002869
3881,730.467773
3882,730.653870
3883,730.660217
3884,731.093201
3885,731.330261
3886,732.257263
3887,732.356079
3888,732.875854
3889,734.272644
3890,734.493042
3891,734.844910
3892,735.453247
3893,735.888672
3894,736.263855
3895,736.489380
3896,737.037781
3897,737.502563
3898,737.870728
3899,738.367798
3900,738.528687
3901,739.691650
3902,740.081421
3903,740.159180
3904,740.340149
3905,741.143738
3906,742.024780
3907,742.518311
3908,742.748474
3909,743.111633
3910,743.328796
3911,743.550232
3912,743.600220
3913,743.861816
3914,744.954651
3915,745.505920
3916,745.712952
3917,746.310547
3918,747.049744
3919,747.355774
3920,748.618774
3921,748.738831
3922,748.994934
3923,749.025024
3924,749.109253
3925,749.373962
3926,750.986084
3927,751.081909
3928,751.614319
3929,751.968384
3930,752.257080
3931,752.697937
3932,753.496338
3933,754.173401
3934,754.715759
3935,755.192932
3936,755.650574
3937,755.696106
3938,755.872559
3939,755.939758
3940,756.790344
3941,756.846924
3942,758.183716
3943,758.326904
3944,759.884155
3945,761.029846
3946,761.303345
3947,761.305786
3948,761.388733
3949,761.430786
3950,763.055115
3951,763.334534
3952,763.465576
3953,764.070923
3954,764.801880
3955,764.834839
3956,764.984192
3957,765.868469
3958,766.375916
3959,766.726257
3960,767.995178
3961,768.046082
3962,768.595398
3963,769.086731
3964,769.205383
3965,769.719971
3966,770.056946
3967,770.635559
3968,771.010803
3969,771.401917
3970,771.533997
3971,772.040161
3972,772.070007
3973,772.435364
3974,773.926331
3975,774.167786
3976,775.117249
3977,775.752869
3978,775.781250
3979,775.783020
3980,776.322815
3981,776.727417
3982,777.883850
3983,778.484924
3984,778.732971
3985,779.653564
3986,780.075500
3987,780.102966
3988,780.667236
3989,780.833008
3990,782.092163
3991,782.691162
3992,782.951477
3993,783.406982
3994,783.427673
3995,784.329041
3996,784.455627
3997,784.459534
3998,785.396851
3999,786.519043
4000,786.877258
4001,787.867859
4002,788.366028
4003,788.448547
4004,788.892151
4005,789.451416
4006,789.633179
4007,790.093872
4008,790.253174
4009,791.342773
4010,791.774170
4011,791.843140
4012,792.625122
4013,793.479797
4014,793.942688
4015,794.155762
4016,794.456604
4017,795.028442
4018,795.056396
4019,795.584473
4020,795.849060
4021,796.132446
4022,797.585083
4023,797.602173
4024,798.780212
4025,799.830383
4026,800.203308
4027,800.281006
4028,800.664368
4029,801.155396
4030,801.335815
4031,802.044739
4032,802.447510
4033,802.550598
4034,803.436218
4035,803.478516
4036,804.263977
4037,805.158691
4038,805.391785
4039,806.239441
4040,806.883362
4041,807.062012
4042,807.741760
4043,808.425232
4044,808.920776
4045,809.343933
4046,809.737427
4047,809.768677
4048,810.309692
4049,811.559631
4050,811.577454
4051,811.588562
4052,811.815735
4053,812.779846
4054,814.007629
4055,814.579590
4056,815.174255
4057,815.245422
4058,815.616333
4059,815.786743
4060,816.900330
4061,816.945984
4062,817.518372
4063,818.803467
4064,818.954102
4065,819.253174
4066,820.131226
4067,820.545410
4068,821.564514
4069,821.735657
4070,822.109436
4071,822.643372
4072,822.725891
4073,823.558838
4074,823.886963
4075,824.277344
4076,825.362366
4077,825.472290
4078,826.090698
4079,826.259644
4080,826.682556
4081,827.413818
4082,827.679016
4083,828.035461
4084,828.220276
4085,829.071716
4086,830.790100
4087,831.182556
4088,831.252869
4089,831.418884
4090,832.281677
4091,832.870667
4092,833.934204
4093,834.559753
4094,834.827759
4095,835.325928
4096,835.436768
4097,836.689514
4098,837.164795
4099,837.779663
4100,838.122559
4101,838.373596
4102,838.825867
4103,840.028137
4104,840.807312
4105,840.907776
4106,841.513184
4107,841.960999
4108,842.065063
4109,842.584961
4110,843.159790
4111,843.727661
4112,844.069153
4113,844.534302
4114,844.848999
4115,845.349976
4116,846.258972
4117,846.302917
4118,846.462341
4119,846.592957
4120,847.572388
4121,847.834167
4122,849.334534
4123,849.857178
4124,850.594666
4125,851.441711
4126,852.508301
4127,852.589111
4128,852.729797
4129,853.212891
4130,854.191589
4131,854.597168
4132,854.659546
4133,855.174255
4134,855.963379
4135,857.327148
4136,857.680786
4137,858.681030
4138,859.071777
4139,859.138245
4140,859.953186
4141,860.933350
4142,861.036316
4143,861.552612
4144,862.102051
4145,863.015076
4146,863.028687
4147,863.126709
4148,863.410828
4149,863.700623
4150,863.756042
4151,864.609375
4152,865.004089
4153,865.750244
4154,866.435303
4155,866.597290
4156,867.335449
4157,868.160767
4158,868.570190
4159,868.910156
4160,869.292480
4161,870.281433
4162,871.313660
4163,871.326294
4164,871.869141
4165,871.876831
4166,873.552917
4167,874.080200
4168,874.750793
4169,875.286438
4170,875.739563
4171,875.923462
4172,875.981384
4173,877.226013
4174,878.976379
4175,879.269897
4176,879.894531
4177,880.520325
4178,880.792297
4179,880.942993
4180,881.487976
4181,881.547119
4182,881.608704
4183,882.393250
4184,882.808167
4185,882.856018
4186,884.159607
4187,884.944336
4188,885.202393
4189,885.511108
4190,886.365417
4191,887.802917
4192,887.820740
4193,888.399292
4194,889.040466
4195,889.574951
4196,890.145569
4197,890.311401
4198,890.641357
4199,890.906006
4200,892.471008
4201,892.719910
4202,893.088501
4203,893.304504
4204,894.424805
4205,894.525696
4206,895.788086
4207,896.074097
4208,896.987061
4209,897.558105
4210,898.044739
4211,898.870667
4212,899.075195
4213,899.961426
4214,900.569397
4215,901.203247
4216,901.343628
4217,901.842896
4218,902.222595
4219,903.610779
4220,904.196960
4221,905.234619
4222,905.321838
4223,905.650574
4224,905.776184
4225,905.826294
4226,906.691711
4227,908.046509
4228,909.123840
4229,909.299927
4230,909.392395
4231,909.908752
4232,910.149536
4233,911.713196
4234,912.082153
4235,912.135010
4236,912.804871
4237,912.847534
4238,914.235779
4239,914.615784
4240,915.084717
4241,915.639343
4242,916.814575
4243,916.974731
4244,916.977600
4245,918.258728
4246,918.598145
4247,919.184326
4248,919.375732
4249,920.118347
4250,921.558777
4251,921.641602
4252,922.118530
4253,922.444763
4254,923.716003
4255,923.912659
4256,924.474731
4257,924.539673
4258,925.284180
4259,927.002930
4260,927.060608
4261,927.169617
4262,927.292236
4263,927.687622
4264,928.356750
4265,929.744263
4266,929.996338
4267,931.156250
4268,931.854797
4269,932.879456
4270,933.111877
4271,934.236206
4272,934.536072
4273,935.492554
4274,935.623657
4275,935.656982
4276,935.788757
4277,937.592407
4278,937.841064
4279,938.076294
4280,939.264343
4281,939.331787
4282,939.515564
4283,940.320129
4284,942.211914
4285,942.533142
4286,942.603027
4287,942.883667
4288,943.540588
4289,943.963745
4290,944.453674
4291,945.633057
4292,946.325989
4293,946.437378
4294,947.088379
4295,947.667236
4296,949.158997
4297,949.691040
4298,949.745422
4299,950.253357
4300,951.655212
4301,952.447876
4302,952.895752
4303,952.952942
4304,953.830505
4305,954.646057
4306,954.949890
4307,955.468262
4308,955.491394
4309,956.697754
4310,957.259277
4311,958.007996
4312,959.515930
4313,960.365112
4314,960.964355
4315,961.160095
4316,961.808350
4317,961.845825
4318,962.097778
4319,962.312195
4320,962.351135
4321,963.541504
4322,964.040588
4323,964.079895
4324,964.335144
4325,965.001160
4326,967.075195
4327,967.945618
4328,967.962891
4329,968.202698
4330,969.804382
4331,969.857849
4332,969.904053
4333,972.067139
4334,972.317749
4335,973.521973
4336,973.668701
4337,974.294739
4338,974.899658
4339,974.988831
4340,974.994324
4341,975.858826
4342,977.449036
4343,978.035889
4344,978.615417
4345,979.005310
4346,979.605469
4347,980.570068
4348,981.044189
4349,981.332336
4350,981.344482
4351,983.046814
4352,983.397400
4353,983.974792
4354,984.484009
4355,985.668091
4356,986.734924
4357,986.965271
4358,987.272034
4359,988.065125
4360,988.231689
4361,988.247192
4362,989.845398
4363,990.034973
4364,991.408020
4365,991.442078
4366,991.892029
4367,992.109558
4368,992.906921
4369,993.262634
4370,994.591980
4371,994.988220
4372,995.870789
4373,996.411194
4374,997.776367
4375,998.068542
4376,998.643127
4377,998.678223
4378,999.084961
4379,999.157471
4380,1000.784302
4381,1001.719482
4382,1001.754150
4383,1001.925171
4384,1003.061523
4385,1003.415405
4386,1004.577148
4387,1005.002869
4388,1005.045654
4389,1005.431458
4390,1007.482178
4391,1009.067200
4392,1009.099976
4393,1009.198730
4394,1009.578308
4395,1010.623047
4396,1010.693420
4397,1011.621826
4398,1013.210327
4399,1013.431213
4400,1013.528442
4401,1014.946960
4402,1015.879700
4403,1016.280640
4404,1017.172119
4405,1018.201660
4406,1018.505859
4407,1018.897034
4408,1019.549866
4409,1021.148804
4410,1021.446167
4411,1021.638428
4412,1021.685974
4413,1022.497559
4414,1023.014771
4415,1023.371521
4416,1024.821899
4417,1025.796387
4418,1026.742188
4419,1026.777344
4420,1028.349609
4421,1028.549438
4422,1028.900024
4423,1029.972046
4424,1030.988770
4425,1031.237427
4426,1031.920044
4427,1032.253784
4428,1032.766235
4429,1033.190308
4430,1034.872437
4431,1035.237671
4432,1035.846802
4433,1035.949219
4434,1036.056519
4435,1036.108398
4436,1037.146240
4437,1038.133789
4438,1039.248413
4439,1039.342529
4440,1040.032959
4441,1040.906616
4442,1041.727783
4443,1042.434814
4444,1042.667358
4445,1042.955811
4446,1043.839111
4447,1045.924805
4448,1046.592773
4449,1047.129395
4450,1047.703491
4451,1047.729248
4452,1048.396240
4453,1049.468140
4454,1049.618286
4455,1051.172485
4456,1051.691528
4457,1051.708984
4458,1052.710083
4459,1052.800293
4460,1055.208618
4461,1055.563721
4462,1055.564453
4463,1055.666138
4464,1056.142456
4465,1057.471558
4466,1058.435669
4467,1058.753784
4468,1058.760986
4469,1059.698975
4470,1059.857300
4471,1061.642212
4472,1061.936401
4473,1062.164917
4474,1062.951294
4475,1064.460083
4476,1064.625000
4477,1065.429810
4478,1066.304810
4479,1066.894653
4480,1067.977173
4481,1068.602051
4482,1070.080566
4483,1070.506470
4484,1070.898560
4485,1071.414673
4486,1072.409058
4487,1072.752075
4488,1073.851196
4489,1074.879150
4490,1074.892578
4491,1075.511963
4492,1075.603394
4493,1076.398315
4494,1077.818970
4495,1078.492676
4496,1078.771118
4497,1078.953369
4498,1080.338013
4499,1080.421753
4500,1080.994629
4501,1081.215820
4502,1082.399536
4503,1083.263306
4504,1084.762207
4505,1085.358032
4506,1085.862061
4507,1086.461670
4508,1087.209473
4509,1087.967773
4510,1088.550537
4511,1089.027588
4512,1090.161011
4513,1090.309814
4514,1093.173462
4515,1093.195312
4516,1093.983032
4517,1095.041016
4518,1095.946289
4519,1096.461792
4520,1096.466431
4521,1097.714844
4522,1098.523071
4523,1099.110596
4524,1099.536865
4525,1100.173950
4526,1101.231323
4527,1101.904663
4528,1101.992065
4529,1102.073608
4530,1102.789429
4531,1104.657104
4532,1104.884155
4533,1105.111450
4534,1106.636475
4535,1106.931274
4536,1107.154175
4537,1108.964478
4538,1109.028076
4539,1110.322754
4540,1111.624512
4541,1112.406494
4542,1112.650146
4543,1113.327026
4544,1113.503296
4545,1113.883911
4546,1114.631226
4547,1116.964966
4548,1116.979736
4549,1117.727173
4550,1119.648560
4551,1120.073364
4552,1120.334351
4553,1120.662354
4554,1121.582153
4555,1121.689331
4556,1123.302979
4557,1123.460327
4558,1124.891724
4559,1125.609131
4560,1126.499878
4561,1126.581421
4562,1127.037231
4563,1128.337646
4564,1128.590210
4565,1129.458984
4566,1130.570923
4567,1130.593384
4568,1131.162476
4569,1132.692627
4570,1133.324707
4571,1135.108154
4572,1135.384644
4573,1137.634399
4574,1138.213013
4575,1138.579102
4576,1138.845459
4577,1139.426636
4578,1139.857056
4579,1140.553223
4580,1140.669800
4581,1142.521240
4582,1143.520386
4583,1144.189819
4584,1145.011230
4585,1145.085205
4586,1146.562012
4587,1146.583740
4588,1148.528442
4589,1148.770508
4590,1149.114746
4591,1149.406128
4592,1149.700684
4593,1151.788208
4594,1152.200317
4595,1152.943970
4596,1153.514160
4597,1153.672363
4598,1154.326172
4599,1154.898560
4600,1155.021362
4601,1156.734009
4602,1157.090820
4603,1159.417603
4604,1159.709351
4605,1160.228394
4606,1161.885254
4607,1162.044067
4608,1163.025024
4609,1163.576904
4610,1165.220215
4611,1165.438965
4612,1166.825073
4613,1167.074463
4614,1167.570312
4615,1168.763550
4616,1169.247070
4617,1169.642944
4618,1170.621582
4619,1172.072876
4620,1172.178223
4621,1173.683350
4622,1174.249756
4623,1174.807495
4624,1175.976074
4625,1176.520142
4626,1176.780884
4627,1179.052612
4628,1179.513550
4629,1180.780396
4630,1181.167480
4631,1181.511963
4632,1182.072021
4633,1182.556152
4634,1183.268188
4635,1185.176880
4636,1187.022217
4637,1187.267456
4638,1188.318115
4639,1188.322632
4640,1188.987793
4641,1189.880493
4642,1190.008179
4643,1190.010986
4644,1191.233276
4645,1193.390137
4646,1193.789307
4647,1193.925659
4648,1195.424316
4649,1196.308472
4650,1197.643066
4651,1199.272217
4652,1199.381714
4653,1199.488770
4654,1200.443359
4655,1200.979248
4656,1203.426392
4657,1204.112671
4658,1204.987305
4659,1205.445190
4660,1205.615967
4661,1206.628906
4662,1207.037842
4663,1208.179443
4664,1209.581665
4665,1209.836304
4666,1211.384521
4667,1211.739258
4668,1211.816284
4669,1213.646240
4670,1214.416016
4671,1215.839478
4672,1215.896729
4673,1216.214600
4674,1216.850342
4675,1218.202637
4676,1218.485107
4677,1220.992676
4678,1221.134644
4679,1221.471191
4680,1222.045532
4681,1222.619263
4682,1223.382080
4683,1225.444092
4684,1226.319458
4685,1227.423340
4686,1228.338501
4687,1229.240967
4688,1229.325317
4689,1229.693481
4690,1232.335327
4691,1232.391968
4692,1232.872681
4693,1233.124878
4694,1235.756714
4695,1236.113281
4696,1236.934448
4697,1237.391968
4698,1237.817017
4699,1239.411255
4700,1239.628174
4701,1241.538574
4702,1243.026123
4703,1243.292603
4704,1243.882812
4705,1244.389526
4706,1245.132690
4707,1246.282593
4708,1247.663208
4709,1248.144287
4710,1248.958130
4711,1249.208862
4712,1251.643311
4713,1251.949585
4714,1252.589966
4715,1253.470703
4716,1256.276001
4717,1256.501953
4718,1257.360474
4719,1258.322754
4720,1260.197510
4721,1260.967529
4722,1261.641846
4723,1262.535767
4724,1263.020142
4725,1263.472168
4726,1264.479858
4727,1265.552246
4728,1265.644653
4729,1265.667847
4730,1268.302368
4731,1268.885132
4732,1269.889038
4733,1270.135254
4734,1271.769043
4735,1272.190063
4736,1274.833252
4737,1275.620483
4738,1276.577271
4739,1276.835205
4740,1277.369141
4741,1277.427979
4742,1278.559937
4743,1280.414673
4744,1281.018677
4745,1283.113525
4746,1283.176514
4747,1284.582886
4748,1285.802612
4749,1285.862549
4750,1286.106567
4751,1288.513916
4752,1288.702881
4753,1290.250732
4754,1291.745972
4755,1292.686279
4756,1293.048462
4757,1293.457642
4758,1294.610718
4759,1295.628052
4760,1296.787231
4761,1298.774414
4762,1299.177856
4763,1300.354126
4764,1300.463501
4765,1301.054443
4766,1302.820312
4767,1303.816895
4768,1304.480957
4769,1306.229614
4770,1306.539917
4771,1308.851562
4772,1309.580444
4773,1309.824951
4774,1309.926270
4775,1311.446289
4776,1312.366943
4777,1313.535400
4778,1314.241089
4779,1316.000610
4780,1316.034546
4781,1318.321777
4782,1319.254395
4783,1319.400757
4784,1319.602661
4785,1321.305054
4786,1322.140991
4787,1322.392822
4788,1324.648926
4789,1324.809448
4790,1325.594360
4791,1329.845093
4792,1330.589966
4793,1331.017090
4794,1331.971436
4795,1333.033325
4796,1333.110718
4797,1335.149292
4798,1336.099365
4799,1336.368530
4800,1336.889526
4801,1338.210571
4802,1339.490723
4803,1339.734131
4804,1341.433105
4805,1342.343628
4806,1342.510254
4807,1343.020264
4808,1344.742554
4809,1346.062500
4810,1346.860229
4811,1349.851807
4812,1350.591431
4813,1351.198853
4814,1351.328125
4815,1352.866089
4816,1354.758057
4817,1355.492798
4818,1355.997437
4819,1358.500854
4820,1358.513306
4821,1359.483154
4822,1360.970459
4823,1363.219971
4824,1363.490845
4825,1363.660889
4826,1364.544800
4827,1365.601807
4828,1367.284668
4829,1368.210083
4830,1368.760132
4831,1370.081787
4832,1370.569946
4833,1371.764160
4834,1375.565186
4835,1376.161377
4836,1376.892700
4837,1378.701172
4838,1380.324341
4839,1380.497559
4840,1382.162109
4841,1382.355835
4842,1382.650635
4843,1382.728394
4844,1384.408081
4845,1386.115234
4846,1387.818359
4847,1388.467529
4848,1389.551758
4849,1393.120728
4850,1393.844482
4851,1394.301270
4852,1395.122437
4853,1396.146240
4854,1397.058105
4855,1397.537476
4856,1400.792236
4857,1401.586304
4858,1401.690308
4859,1401.981079
4860,1402.450928
4861,1402.634033
4862,1405.716064
4863,1408.171997
4864,1408.203003
4865,1411.307007
4866,1411.343628
4867,1413.041382
4868,1415.013550
4869,1415.366577
4870,1417.447876
4871,1417.590332
4872,1418.262573
4873,1420.050781
4874,1422.717651
4875,1423.736328
4876,1424.356079
4877,1424.546143
4878,1424.972168
4879,1428.109253
4880,1429.291748
4881,1429.688843
4882,1430.900391
4883,1433.208130
4884,1434.379150
4885,1434.420898
4886,1436.999878
4887,1437.426880
4888,1438.142578
4889,1438.576538
4890,1441.163086
4891,1442.901855
4892,1444.265259
4893,1447.364380
4894,1447.560425
4895,1447.646118
4896,1450.361572
4897,1452.215698
4898,1452.608887
4899,1453.746948
4900,1455.710938
4901,1457.005127
4902,1460.104492
4903,1460.669312
4904,1461.973389
4905,1464.643433
4906,1466.756348
4907,1467.298828
4908,1467.440552
4909,1469.323608
4910,1470.641724
4911,1471.224609
4912,1472.694092
4913,1475.220093
4914,1478.014893
4915,1478.706177
4916,1478.854736
4917,1479.319702
4918,1480.681152
4919,1482.379761
4920,1484.571899
4921,1487.123657
4922,1489.351929
4923,1492.709106
4924,1493.125000
4925,1495.103760
4926,1495.928589
4927,1496.694580
4928,1498.150879
4929,1498.619385
4930,1499.377686
4931,1499.916504
4932,1503.635010
4933,1506.343262
4934,1508.041626
4935,1509.218140
4936,1510.118408
4937,1513.092773
4938,1513.978027
4939,1515.741455
4940,1515.742920
4941,1516.386597
4942,1520.497314
4943,1520.695801
4944,1521.450317
4945,1522.445801
4946,1524.732300
4947,1525.149048
4948,1527.167847
4949,1531.379639
4950,1535.162598
4951,1537.000122
4952,1537.618774
4953,1539.738403
4954,1540.261841
4955,1542.147217
4956,1545.752075
4957,1547.152832
4958,1549.373413
4959,1552.433716
4960,1553.226440
4961,1555.038818
4962,1557.591675
4963,1559.979004
4964,1561.714111
4965,1562.891479
4966,1565.156860
4967,1565.360840
4968,1568.169922
4969,1571.177612
4970,1571.520386
4971,1573.804932
4972,1576.481201
4973,1579.307739
4974,1580.699585
4975,1580.980835
4976,1586.632568
4977,1590.703979
4978,1590.780884
4979,1593.466919
4980,1595.998169
4981,1597.622559
4982,1598.017456
4983,1601.056885
4984,1607.339111
4985,1608.425903
4986,1612.494019
4987,1613.751221
4988,1619.566406
4989,1622.654663
4990,1624.993652
4991,1625.176392
4992,1628.652100
4993,1632.718628
4994,1635.062012
4995,1642.861328
4996,1643.111328
4997,1647.427856
4998,1656.806519
4999,6253026.000000
