Index,Singular_Value
0,2500.605225
1,40.713142
2,40.596939
3,40.548000
4,40.527626
5,40.440395
6,40.405998
7,40.368805
8,40.329548
9,40.314941
10,40.268936
11,40.227657
12,40.156319
13,40.155067
14,40.109367
15,40.105175
16,40.014797
17,39.983387
18,39.971512
19,39.948483
20,39.914566
21,39.883278
22,39.863239
23,39.832218
24,39.777962
25,39.762806
26,39.739059
27,39.710106
28,39.680531
29,39.663300
30,39.644566
31,39.604534
32,39.567181
33,39.550968
34,39.532623
35,39.519909
36,39.486332
37,39.462280
38,39.442245
39,39.415760
40,39.400444
41,39.355751
42,39.329235
43,39.302383
44,39.276520
45,39.244484
46,39.224384
47,39.215157
48,39.206337
49,39.170605
50,39.129852
51,39.084629
52,39.079960
53,39.051586
54,39.035622
55,39.026325
56,38.997726
57,38.990791
58,38.946495
59,38.934772
60,38.928905
61,38.904285
62,38.891819
63,38.863029
64,38.840935
65,38.834980
66,38.800724
67,38.762974
68,38.750595
69,38.724560
70,38.723038
71,38.700714
72,38.689831
73,38.674664
74,38.662331
75,38.634987
76,38.630882
77,38.597763
78,38.576874
79,38.558102
80,38.503670
81,38.481926
82,38.466900
83,38.453133
84,38.438900
85,38.423012
86,38.396061
87,38.375141
88,38.361919
89,38.346786
90,38.337742
91,38.303944
92,38.296967
93,38.290592
94,38.272045
95,38.239929
96,38.211452
97,38.207947
98,38.162743
99,38.160004
100,38.129154
101,38.114101
102,38.101196
103,38.074791
104,38.060452
105,38.047779
106,38.027618
107,38.002209
108,37.986252
109,37.983025
110,37.940331
111,37.930580
112,37.926422
113,37.915939
114,37.871258
115,37.863533
116,37.848152
117,37.830200
118,37.825417
119,37.809177
120,37.783894
121,37.758347
122,37.744362
123,37.723652
124,37.709797
125,37.690998
126,37.685364
127,37.678139
128,37.651810
129,37.631187
130,37.629002
131,37.613499
132,37.584595
133,37.567421
134,37.562248
135,37.529823
136,37.522053
137,37.506882
138,37.496204
139,37.468533
140,37.453522
141,37.441525
142,37.431728
143,37.407860
144,37.388012
145,37.377918
146,37.361431
147,37.341045
148,37.338745
149,37.332603
150,37.316669
151,37.281551
152,37.262577
153,37.257439
154,37.244705
155,37.233868
156,37.192085
157,37.180038
158,37.174850
159,37.155693
160,37.147865
161,37.138725
162,37.130421
163,37.102200
164,37.094097
165,37.072208
166,37.040077
167,37.037228
168,37.022854
169,37.001255
170,36.993519
171,36.986401
172,36.976032
173,36.957836
174,36.942917
175,36.930138
176,36.897919
177,36.897408
178,36.864948
179,36.862984
180,36.838501
181,36.826546
182,36.812443
183,36.805107
184,36.783512
185,36.771168
186,36.755737
187,36.740623
188,36.729076
189,36.718758
190,36.695728
191,36.671658
192,36.664719
193,36.648235
194,36.637234
195,36.615536
196,36.607994
197,36.593971
198,36.579613
199,36.561108
200,36.556591
201,36.547977
202,36.537334
203,36.517174
204,36.508545
205,36.497395
206,36.488411
207,36.479065
208,36.444881
209,36.431808
210,36.402760
211,36.396957
212,36.380936
213,36.373657
214,36.363091
215,36.337761
216,36.328876
217,36.315937
218,36.299873
219,36.283798
220,36.263153
221,36.245689
222,36.240047
223,36.228931
224,36.211662
225,36.199333
226,36.194595
227,36.186546
228,36.177361
229,36.171932
230,36.154766
231,36.114868
232,36.094746
233,36.088451
234,36.073925
235,36.067806
236,36.054806
237,36.037685
238,36.034443
239,36.006718
240,36.002567
241,35.991421
242,35.982330
243,35.962524
244,35.948460
245,35.926266
246,35.905315
247,35.894161
248,35.884941
249,35.867535
250,35.858795
251,35.853096
252,35.837685
253,35.832161
254,35.815010
255,35.796051
256,35.785542
257,35.768742
258,35.752132
259,35.742588
260,35.735165
261,35.724731
262,35.719383
263,35.682369
264,35.673584
265,35.665092
266,35.639477
267,35.632481
268,35.617775
269,35.606594
270,35.590313
271,35.580715
272,35.575130
273,35.567295
274,35.556580
275,35.536316
276,35.521664
277,35.510334
278,35.502846
279,35.494011
280,35.470245
281,35.463188
282,35.448406
283,35.440327
284,35.414993
285,35.395233
286,35.376984
287,35.373306
288,35.348209
289,35.338661
290,35.331722
291,35.319462
292,35.308975
293,35.293823
294,35.283966
295,35.272987
296,35.258278
297,35.237938
298,35.233494
299,35.213074
300,35.204174
301,35.190182
302,35.182774
303,35.169991
304,35.160995
305,35.140450
306,35.122662
307,35.113541
308,35.103718
309,35.093864
310,35.076363
311,35.061123
312,35.050674
313,35.045723
314,35.037880
315,35.018143
316,35.003395
317,34.989857
318,34.979965
319,34.959778
320,34.943138
321,34.936325
322,34.923615
323,34.911243
324,34.898640
325,34.886631
326,34.883270
327,34.873604
328,34.861088
329,34.850250
330,34.827175
331,34.814190
332,34.809669
333,34.803356
334,34.785671
335,34.776752
336,34.757469
337,34.746078
338,34.737206
339,34.728062
340,34.722321
341,34.706036
342,34.702991
343,34.685905
344,34.660397
345,34.648869
346,34.637150
347,34.631245
348,34.626713
349,34.605637
350,34.590820
351,34.581249
352,34.552658
353,34.548054
354,34.536068
355,34.531654
356,34.515259
357,34.497536
358,34.491474
359,34.481468
360,34.469448
361,34.462399
362,34.451771
363,34.442886
364,34.427032
365,34.400051
366,34.393963
367,34.384907
368,34.374020
369,34.366539
370,34.351135
371,34.339611
372,34.336014
373,34.302959
374,34.295616
375,34.288200
376,34.274376
377,34.264515
378,34.259933
379,34.242371
380,34.232635
381,34.213116
382,34.207253
383,34.199722
384,34.184055
385,34.180332
386,34.161652
387,34.146469
388,34.139397
389,34.126480
390,34.109577
391,34.102409
392,34.092075
393,34.080242
394,34.073246
395,34.054108
396,34.041523
397,34.020531
398,34.010075
399,33.997063
400,33.989990
401,33.983810
402,33.967339
403,33.959858
404,33.951096
405,33.938164
406,33.928890
407,33.915195
408,33.901073
409,33.893681
410,33.892395
411,33.883369
412,33.862984
413,33.859673
414,33.845764
415,33.833954
416,33.829403
417,33.815186
418,33.802891
419,33.797871
420,33.779987
421,33.765835
422,33.760017
423,33.752113
424,33.733040
425,33.725365
426,33.701035
427,33.697151
428,33.682102
429,33.662403
430,33.651749
431,33.647915
432,33.632587
433,33.614132
434,33.603821
435,33.595848
436,33.593281
437,33.586334
438,33.564503
439,33.552765
440,33.545361
441,33.536739
442,33.513252
443,33.509914
444,33.497871
445,33.494968
446,33.476467
447,33.466961
448,33.458652
449,33.447369
450,33.434887
451,33.420628
452,33.415627
453,33.404087
454,33.394661
455,33.370178
456,33.357826
457,33.355289
458,33.343891
459,33.337292
460,33.321411
461,33.309135
462,33.299446
463,33.282131
464,33.274975
465,33.261238
466,33.257912
467,33.243248
468,33.232189
469,33.220421
470,33.213779
471,33.197765
472,33.182476
473,33.175625
474,33.170135
475,33.154839
476,33.152439
477,33.141891
478,33.125591
479,33.110992
480,33.104752
481,33.094204
482,33.080608
483,33.071457
484,33.068977
485,33.055462
486,33.038582
487,33.017269
488,33.007835
489,32.998699
490,32.978279
491,32.966663
492,32.961014
493,32.944656
494,32.940849
495,32.938442
496,32.925747
497,32.908245
498,32.892811
499,32.878139
500,32.874645
501,32.871239
502,32.860432
503,32.845852
504,32.843006
505,32.826153
506,32.813751
507,32.796261
508,32.794151
509,32.775017
510,32.770573
511,32.767437
512,32.752815
513,32.733898
514,32.726170
515,32.716633
516,32.710663
517,32.708191
518,32.689960
519,32.670155
520,32.664574
521,32.644600
522,32.638866
523,32.627796
524,32.624485
525,32.611847
526,32.594658
527,32.593472
528,32.587444
529,32.562607
530,32.556820
531,32.550430
532,32.540375
533,32.526329
534,32.516911
535,32.506645
536,32.491619
537,32.489864
538,32.478661
539,32.476715
540,32.448517
541,32.445621
542,32.440861
543,32.430763
544,32.412476
545,32.400837
546,32.397396
547,32.381451
548,32.377266
549,32.363567
550,32.345051
551,32.340286
552,32.338799
553,32.312862
554,32.297531
555,32.290928
556,32.285320
557,32.266369
558,32.259106
559,32.253334
560,32.234165
561,32.226894
562,32.225643
563,32.206863
564,32.200600
565,32.190144
566,32.179958
567,32.176750
568,32.172020
569,32.165398
570,32.144012
571,32.143436
572,32.128326
573,32.119087
574,32.112778
575,32.097839
576,32.089970
577,32.073380
578,32.070503
579,32.067032
580,32.048771
581,32.040108
582,32.023212
583,32.021381
584,32.009056
585,31.980577
586,31.978321
587,31.963871
588,31.961494
589,31.955809
590,31.947100
591,31.934013
592,31.918556
593,31.915672
594,31.910423
595,31.890135
596,31.877192
597,31.871489
598,31.848915
599,31.840483
600,31.834398
601,31.830462
602,31.813620
603,31.805506
604,31.791952
605,31.774155
606,31.768942
607,31.767584
608,31.762901
609,31.743254
610,31.732302
611,31.710770
612,31.702223
613,31.692488
614,31.685110
615,31.675224
616,31.670124
617,31.658642
618,31.645514
619,31.632185
620,31.625673
621,31.610882
622,31.599873
623,31.593706
624,31.586012
625,31.572405
626,31.567371
627,31.557655
628,31.545765
629,31.524460
630,31.515980
631,31.503889
632,31.498564
633,31.493774
634,31.489454
635,31.480391
636,31.466314
637,31.451365
638,31.446650
639,31.434620
640,31.432558
641,31.424101
642,31.410902
643,31.406263
644,31.396320
645,31.379427
646,31.374247
647,31.361992
648,31.349817
649,31.339348
650,31.323465
651,31.319233
652,31.311928
653,31.292982
654,31.290579
655,31.283960
656,31.271421
657,31.249012
658,31.237089
659,31.230509
660,31.222794
661,31.220314
662,31.206417
663,31.200911
664,31.193726
665,31.182961
666,31.175570
667,31.152220
668,31.143347
669,31.128456
670,31.119198
671,31.113859
672,31.106514
673,31.099285
674,31.074062
675,31.066593
676,31.057917
677,31.055677
678,31.051413
679,31.048323
680,31.031742
681,31.027943
682,31.010441
683,31.005381
684,30.999081
685,30.992231
686,30.975058
687,30.969460
688,30.947641
689,30.937555
690,30.932749
691,30.920563
692,30.913435
693,30.888727
694,30.883059
695,30.880939
696,30.872768
697,30.860783
698,30.849804
699,30.845154
700,30.826818
701,30.819641
702,30.812811
703,30.805187
704,30.798918
705,30.783716
706,30.765465
707,30.755173
708,30.752035
709,30.733982
710,30.725697
711,30.723145
712,30.711544
713,30.709560
714,30.696623
715,30.690172
716,30.664818
717,30.657438
718,30.655167
719,30.636982
720,30.630148
721,30.624811
722,30.620464
723,30.603586
724,30.594625
725,30.587809
726,30.569437
727,30.561937
728,30.555622
729,30.547537
730,30.532402
731,30.522747
732,30.518160
733,30.510771
734,30.494341
735,30.477339
736,30.470886
737,30.458754
738,30.452076
739,30.450640
740,30.441042
741,30.427631
742,30.421280
743,30.407694
744,30.399899
745,30.386858
746,30.377682
747,30.369427
748,30.359961
749,30.349131
750,30.329334
751,30.324135
752,30.315107
753,30.305109
754,30.300682
755,30.287554
756,30.281939
757,30.264051
758,30.261322
759,30.244146
760,30.235361
761,30.227913
762,30.219448
763,30.213301
764,30.200613
765,30.196358
766,30.189571
767,30.177233
768,30.165895
769,30.157394
770,30.149879
771,30.142809
772,30.134821
773,30.122330
774,30.106901
775,30.103851
776,30.093214
777,30.089188
778,30.082664
779,30.070013
780,30.056215
781,30.043495
782,30.038073
783,30.028931
784,30.013350
785,30.005165
786,29.999407
787,29.987902
788,29.973190
789,29.958389
790,29.957138
791,29.947300
792,29.933397
793,29.930477
794,29.913414
795,29.907173
796,29.893881
797,29.888611
798,29.874056
799,29.871561
800,29.856771
801,29.851238
802,29.839630
803,29.833227
804,29.821310
805,29.810766
806,29.798586
807,29.793497
808,29.786667
809,29.774696
810,29.763157
811,29.753372
812,29.748623
813,29.737631
814,29.736620
815,29.716974
816,29.709517
817,29.703438
818,29.699442
819,29.683590
820,29.681479
821,29.671894
822,29.661934
823,29.655218
824,29.651814
825,29.633583
826,29.619835
827,29.607195
828,29.597836
829,29.590012
830,29.581020
831,29.570799
832,29.564096
833,29.554876
834,29.537668
835,29.531029
836,29.516590
837,29.506845
838,29.494688
839,29.481613
840,29.478752
841,29.471575
842,29.467184
843,29.454187
844,29.446106
845,29.433439
846,29.429066
847,29.414408
848,29.406122
849,29.399296
850,29.390732
851,29.389748
852,29.384481
853,29.375296
854,29.369209
855,29.352148
856,29.343409
857,29.340925
858,29.331978
859,29.317938
860,29.311958
861,29.298828
862,29.283293
863,29.279676
864,29.273613
865,29.261133
866,29.250605
867,29.241072
868,29.236708
869,29.221436
870,29.208813
871,29.204845
872,29.197790
873,29.193571
874,29.175060
875,29.166700
876,29.154249
877,29.151434
878,29.140606
879,29.121353
880,29.113819
881,29.107729
882,29.100227
883,29.084909
884,29.072424
885,29.064724
886,29.062695
887,29.057131
888,29.050451
889,29.033194
890,29.022276
891,29.020369
892,29.015436
893,29.004652
894,28.995514
895,28.986422
896,28.968813
897,28.960325
898,28.956913
899,28.944231
900,28.942513
901,28.931265
902,28.920490
903,28.908388
904,28.903809
905,28.896292
906,28.880428
907,28.867506
908,28.862852
909,28.849426
910,28.844034
911,28.836637
912,28.823969
913,28.821436
914,28.794487
915,28.789925
916,28.788681
917,28.773060
918,28.758844
919,28.755796
920,28.748684
921,28.737827
922,28.724663
923,28.720406
924,28.713226
925,28.707130
926,28.695993
927,28.682261
928,28.675808
929,28.667364
930,28.663879
931,28.656572
932,28.650587
933,28.635662
934,28.623150
935,28.613064
936,28.611416
937,28.593876
938,28.582956
939,28.580511
940,28.569645
941,28.566233
942,28.560640
943,28.551554
944,28.539455
945,28.531919
946,28.517981
947,28.506264
948,28.495459
949,28.487028
950,28.477440
951,28.473413
952,28.470463
953,28.457724
954,28.453671
955,28.448675
956,28.431549
957,28.426373
958,28.413374
959,28.398146
960,28.388214
961,28.378712
962,28.368814
963,28.357931
964,28.353106
965,28.337393
966,28.334921
967,28.329023
968,28.322819
969,28.306194
970,28.299328
971,28.293589
972,28.287176
973,28.278027
974,28.276892
975,28.256250
976,28.245901
977,28.241531
978,28.221619
979,28.216976
980,28.214008
981,28.206938
982,28.201038
983,28.189774
984,28.182558
985,28.173250
986,28.166000
987,28.157694
988,28.142130
989,28.132448
990,28.126478
991,28.118048
992,28.112526
993,28.106115
994,28.096291
995,28.089531
996,28.080095
997,28.067377
998,28.053934
999,28.047672
1000,28.038134
1001,28.030098
1002,28.019312
1003,28.015257
1004,28.008970
1005,27.996834
1006,27.981762
1007,27.980246
1008,27.970701
1009,27.957586
1010,27.945967
1011,27.938068
1012,27.930017
1013,27.923731
1014,27.915255
1015,27.906185
1016,27.898785
1017,27.888256
1018,27.878653
1019,27.871748
1020,27.861731
1021,27.856298
1022,27.845009
1023,27.829561
1024,27.819639
1025,27.816982
1026,27.806696
1027,27.803783
1028,27.792889
1029,27.784374
1030,27.772661
1031,27.767071
1032,27.762802
1033,27.749224
1034,27.737072
1035,27.730734
1036,27.727089
1037,27.719921
1038,27.716074
1039,27.697836
1040,27.694702
1041,27.678648
1042,27.670063
1043,27.661030
1044,27.657806
1045,27.647425
1046,27.646599
1047,27.636808
1048,27.625896
1049,27.619112
1050,27.600840
1051,27.589594
1052,27.588335
1053,27.575882
1054,27.572384
1055,27.566156
1056,27.542625
1057,27.535555
1058,27.521006
1059,27.518208
1060,27.502707
1061,27.501041
1062,27.497412
1063,27.481886
1064,27.475159
1065,27.471872
1066,27.459394
1067,27.449106
1068,27.442093
1069,27.428604
1070,27.426334
1071,27.417850
1072,27.411791
1073,27.400429
1074,27.393251
1075,27.382204
1076,27.373970
1077,27.367130
1078,27.347975
1079,27.343857
1080,27.342455
1081,27.330193
1082,27.321512
1083,27.316385
1084,27.303448
1085,27.294065
1086,27.288034
1087,27.278744
1088,27.275276
1089,27.270243
1090,27.257063
1091,27.251472
1092,27.240824
1093,27.231932
1094,27.212345
1095,27.208651
1096,27.206608
1097,27.199078
1098,27.193338
1099,27.177439
1100,27.172718
1101,27.162653
1102,27.157812
1103,27.145258
1104,27.136110
1105,27.125725
1106,27.121412
1107,27.108273
1108,27.102299
1109,27.092218
1110,27.088495
1111,27.076960
1112,27.070795
1113,27.064096
1114,27.046625
1115,27.043917
1116,27.035566
1117,27.025175
1118,27.016535
1119,27.009295
1120,27.001261
1121,26.993347
1122,26.991842
1123,26.980999
1124,26.970705
1125,26.957319
1126,26.951597
1127,26.943819
1128,26.937653
1129,26.918911
1130,26.917370
1131,26.906929
1132,26.900299
1133,26.886379
1134,26.883385
1135,26.869635
1136,26.859688
1137,26.851913
1138,26.848871
1139,26.838352
1140,26.833452
1141,26.820297
1142,26.813860
1143,26.799622
1144,26.789099
1145,26.787817
1146,26.770493
1147,26.767332
1148,26.758686
1149,26.745827
1150,26.740696
1151,26.733139
1152,26.724987
1153,26.722006
1154,26.711283
1155,26.707708
1156,26.697571
1157,26.682142
1158,26.681356
1159,26.671486
1160,26.666269
1161,26.659966
1162,26.649424
1163,26.643114
1164,26.628605
1165,26.624386
1166,26.622463
1167,26.612041
1168,26.608377
1169,26.590361
1170,26.580690
1171,26.574453
1172,26.562681
1173,26.550211
1174,26.548042
1175,26.543325
1176,26.531063
1177,26.524927
1178,26.507250
1179,26.499315
1180,26.491961
1181,26.484180
1182,26.483696
1183,26.473911
1184,26.465580
1185,26.459612
1186,26.445471
1187,26.443180
1188,26.430170
1189,26.420427
1190,26.411602
1191,26.406822
1192,26.398525
1193,26.390285
1194,26.374056
1195,26.371590
1196,26.360401
1197,26.353909
1198,26.345560
1199,26.341805
1200,26.333172
1201,26.319998
1202,26.315643
1203,26.307129
1204,26.301611
1205,26.292166
1206,26.287374
1207,26.279856
1208,26.278339
1209,26.258978
1210,26.240757
1211,26.231298
1212,26.227375
1213,26.214649
1214,26.207752
1215,26.202967
1216,26.200047
1217,26.184116
1218,26.174980
1219,26.171530
1220,26.160244
1221,26.148394
1222,26.143950
1223,26.138941
1224,26.136829
1225,26.118162
1226,26.109818
1227,26.103191
1228,26.083406
1229,26.078110
1230,26.073746
1231,26.065329
1232,26.063038
1233,26.046703
1234,26.038431
1235,26.027643
1236,26.018723
1237,26.011034
1238,26.005445
1239,25.999037
1240,25.992355
1241,25.988127
1242,25.974871
1243,25.968727
1244,25.960812
1245,25.953646
1246,25.948473
1247,25.939358
1248,25.931623
1249,25.918852
1250,25.906988
1251,25.904518
1252,25.891224
1253,25.888176
1254,25.883213
1255,25.872080
1256,25.867710
1257,25.857960
1258,25.856707
1259,25.847218
1260,25.831177
1261,25.820677
1262,25.817093
1263,25.815060
1264,25.800642
1265,25.785383
1266,25.774639
1267,25.764904
1268,25.758997
1269,25.751730
1270,25.748306
1271,25.740417
1272,25.731539
1273,25.728514
1274,25.719873
1275,25.716413
1276,25.710171
1277,25.705023
1278,25.690901
1279,25.679516
1280,25.668592
1281,25.655041
1282,25.653830
1283,25.644869
1284,25.625628
1285,25.623007
1286,25.616602
1287,25.602175
1288,25.599897
1289,25.590773
1290,25.585150
1291,25.578241
1292,25.569952
1293,25.565535
1294,25.555674
1295,25.538345
1296,25.521532
1297,25.519163
1298,25.513409
1299,25.502125
1300,25.501343
1301,25.494869
1302,25.486242
1303,25.478098
1304,25.472561
1305,25.455231
1306,25.450960
1307,25.442226
1308,25.440836
1309,25.428217
1310,25.420824
1311,25.407623
1312,25.401554
1313,25.388784
1314,25.384237
1315,25.377172
1316,25.371035
1317,25.355591
1318,25.348228
1319,25.343214
1320,25.340265
1321,25.332220
1322,25.318487
1323,25.312330
1324,25.306868
1325,25.302126
1326,25.290968
1327,25.277718
1328,25.272301
1329,25.262897
1330,25.254105
1331,25.246218
1332,25.239071
1333,25.236956
1334,25.218464
1335,25.213058
1336,25.203737
1337,25.195925
1338,25.193571
1339,25.183378
1340,25.170208
1341,25.163977
1342,25.154781
1343,25.142147
1344,25.140686
1345,25.131853
1346,25.123999
1347,25.110392
1348,25.107306
1349,25.106377
1350,25.102892
1351,25.089090
1352,25.075466
1353,25.069334
1354,25.061249
1355,25.058334
1356,25.045643
1357,25.033461
1358,25.028137
1359,25.016476
1360,25.010014
1361,25.004017
1362,24.991812
1363,24.989716
1364,24.985645
1365,24.980667
1366,24.973904
1367,24.958662
1368,24.957579
1369,24.949268
1370,24.939636
1371,24.928030
1372,24.916891
1373,24.913942
1374,24.905231
1375,24.898699
1376,24.892139
1377,24.882174
1378,24.873323
1379,24.862036
1380,24.857098
1381,24.846823
1382,24.844229
1383,24.832203
1384,24.825125
1385,24.820854
1386,24.803949
1387,24.802353
1388,24.780790
1389,24.772984
1390,24.770555
1391,24.767019
1392,24.756153
1393,24.746698
1394,24.739113
1395,24.728882
1396,24.723499
1397,24.715811
1398,24.712372
1399,24.701181
1400,24.696371
1401,24.687405
1402,24.682775
1403,24.673405
1404,24.665672
1405,24.660357
1406,24.652426
1407,24.649675
1408,24.641642
1409,24.627478
1410,24.619045
1411,24.617064
1412,24.609161
1413,24.600101
1414,24.582766
1415,24.580519
1416,24.569382
1417,24.564735
1418,24.556852
1419,24.552053
1420,24.536335
1421,24.534475
1422,24.529062
1423,24.518431
1424,24.505289
1425,24.484697
1426,24.480240
1427,24.471077
1428,24.469122
1429,24.456697
1430,24.454445
1431,24.446325
1432,24.434309
1433,24.430771
1434,24.427725
1435,24.418312
1436,24.413069
1437,24.406202
1438,24.402136
1439,24.380291
1440,24.377283
1441,24.373781
1442,24.350954
1443,24.343311
1444,24.340437
1445,24.331268
1446,24.327509
1447,24.320223
1448,24.313770
1449,24.299988
1450,24.295444
1451,24.288914
1452,24.283012
1453,24.281733
1454,24.265457
1455,24.255838
1456,24.244722
1457,24.244133
1458,24.236120
1459,24.217396
1460,24.210451
1461,24.206718
1462,24.197912
1463,24.191872
1464,24.186977
1465,24.178579
1466,24.169159
1467,24.155811
1468,24.149338
1469,24.141609
1470,24.127445
1471,24.123459
1472,24.118515
1473,24.109875
1474,24.105341
1475,24.102282
1476,24.090988
1477,24.076014
1478,24.066511
1479,24.063406
1480,24.054108
1481,24.050728
1482,24.043196
1483,24.034065
1484,24.020380
1485,24.015509
1486,24.010029
1487,24.005888
1488,23.993597
1489,23.980278
1490,23.973810
1491,23.967337
1492,23.954943
1493,23.949389
1494,23.937624
1495,23.928820
1496,23.925861
1497,23.920448
1498,23.909004
1499,23.901791
1500,23.894297
1501,23.887802
1502,23.874928
1503,23.870285
1504,23.861755
1505,23.842098
1506,23.840509
1507,23.831034
1508,23.827715
1509,23.819752
1510,23.803413
1511,23.797367
1512,23.792786
1513,23.779139
1514,23.773726
1515,23.770567
1516,23.765299
1517,23.758640
1518,23.742664
1519,23.736710
1520,23.729465
1521,23.717945
1522,23.710335
1523,23.704449
1524,23.699749
1525,23.689095
1526,23.681385
1527,23.670055
1528,23.665245
1529,23.652830
1530,23.646860
1531,23.644016
1532,23.632433
1533,23.628368
1534,23.621004
1535,23.617649
1536,23.607609
1537,23.604191
1538,23.591011
1539,23.580421
1540,23.576666
1541,23.571129
1542,23.556269
1543,23.551403
1544,23.546778
1545,23.535158
1546,23.526834
1547,23.522108
1548,23.509584
1549,23.502808
1550,23.495083
1551,23.487005
1552,23.478413
1553,23.468424
1554,23.459732
1555,23.456987
1556,23.451090
1557,23.442814
1558,23.431538
1559,23.428892
1560,23.418766
1561,23.413361
1562,23.407434
1563,23.399479
1564,23.390699
1565,23.383387
1566,23.376400
1567,23.370277
1568,23.363989
1569,23.346804
1570,23.332321
1571,23.331602
1572,23.324936
1573,23.310410
1574,23.306353
1575,23.298597
1576,23.291674
1577,23.279989
1578,23.272253
1579,23.256992
1580,23.246017
1581,23.242605
1582,23.235718
1583,23.230383
1584,23.223150
1585,23.211411
1586,23.211123
1587,23.194689
1588,23.193653
1589,23.191217
1590,23.180157
1591,23.175171
1592,23.173061
1593,23.158035
1594,23.155281
1595,23.138805
1596,23.129173
1597,23.121920
1598,23.117184
1599,23.111097
1600,23.102959
1601,23.092737
1602,23.082954
1603,23.073420
1604,23.067364
1605,23.065592
1606,23.042627
1607,23.040339
1608,23.029474
1609,23.019087
1610,23.010130
1611,23.003971
1612,23.001051
1613,22.995726
1614,22.987661
1615,22.982246
1616,22.967966
1617,22.959057
1618,22.956011
1619,22.952185
1620,22.938311
1621,22.931602
1622,22.924541
1623,22.920752
1624,22.905863
1625,22.903826
1626,22.894228
1627,22.890547
1628,22.884285
1629,22.875561
1630,22.866266
1631,22.859343
1632,22.853405
1633,22.848585
1634,22.840466
1635,22.826525
1636,22.819485
1637,22.815023
1638,22.809450
1639,22.805288
1640,22.793591
1641,22.784889
1642,22.770220
1643,22.766848
1644,22.762508
1645,22.755573
1646,22.748865
1647,22.741587
1648,22.738417
1649,22.729980
1650,22.720800
1651,22.716431
1652,22.699648
1653,22.692648
1654,22.687637
1655,22.683764
1656,22.679190
1657,22.670774
1658,22.652718
1659,22.647142
1660,22.635773
1661,22.622850
1662,22.618195
1663,22.614016
1664,22.602663
1665,22.588596
1666,22.582548
1667,22.571609
1668,22.567049
1669,22.563284
1670,22.557186
1671,22.546728
1672,22.544874
1673,22.532871
1674,22.527733
1675,22.516054
1676,22.508738
1677,22.504496
1678,22.495165
1679,22.481050
1680,22.475355
1681,22.472340
1682,22.460997
1683,22.452719
1684,22.448149
1685,22.432184
1686,22.425346
1687,22.414272
1688,22.407785
1689,22.404306
1690,22.396202
1691,22.386059
1692,22.381525
1693,22.375399
1694,22.369410
1695,22.362711
1696,22.358017
1697,22.349714
1698,22.337681
1699,22.329235
1700,22.320238
1701,22.309420
1702,22.304110
1703,22.294697
1704,22.284140
1705,22.282055
1706,22.280582
1707,22.274990
1708,22.266310
1709,22.245222
1710,22.243973
1711,22.233644
1712,22.229990
1713,22.222511
1714,22.218311
1715,22.200205
1716,22.193300
1717,22.190645
1718,22.182032
1719,22.174603
1720,22.167713
1721,22.160183
1722,22.142490
1723,22.134668
1724,22.129845
1725,22.125237
1726,22.118196
1727,22.113768
1728,22.104664
1729,22.100452
1730,22.084206
1731,22.078440
1732,22.075029
1733,22.068169
1734,22.063505
1735,22.059721
1736,22.051285
1737,22.040880
1738,22.034336
1739,22.021343
1740,22.015717
1741,22.008875
1742,22.006109
1743,22.000870
1744,21.992371
1745,21.990921
1746,21.985647
1747,21.974365
1748,21.967464
1749,21.962706
1750,21.948055
1751,21.945042
1752,21.939182
1753,21.925564
1754,21.919394
1755,21.915209
1756,21.904522
1757,21.892147
1758,21.875824
1759,21.873962
1760,21.867374
1761,21.863995
1762,21.855619
1763,21.846016
1764,21.838821
1765,21.834539
1766,21.824295
1767,21.820091
1768,21.805767
1769,21.804337
1770,21.786118
1771,21.778860
1772,21.771578
1773,21.762484
1774,21.757551
1775,21.747723
1776,21.739183
1777,21.733828
1778,21.731014
1779,21.714617
1780,21.712532
1781,21.704245
1782,21.700375
1783,21.697590
1784,21.688826
1785,21.680342
1786,21.668591
1787,21.659254
1788,21.654526
1789,21.651814
1790,21.642557
1791,21.638748
1792,21.624723
1793,21.621630
1794,21.617380
1795,21.598248
1796,21.586294
1797,21.581673
1798,21.580360
1799,21.568117
1800,21.566748
1801,21.558733
1802,21.552334
1803,21.536402
1804,21.531322
1805,21.524412
1806,21.517670
1807,21.515167
1808,21.500080
1809,21.496296
1810,21.489471
1811,21.482027
1812,21.469791
1813,21.467207
1814,21.460884
1815,21.453392
1816,21.446775
1817,21.438021
1818,21.435518
1819,21.425571
1820,21.415731
1821,21.405714
1822,21.399313
1823,21.395445
1824,21.379774
1825,21.377550
1826,21.372320
1827,21.366724
1828,21.357668
1829,21.352156
1830,21.339796
1831,21.336872
1832,21.320494
1833,21.317713
1834,21.308184
1835,21.301275
1836,21.297276
1837,21.287970
1838,21.277784
1839,21.269070
1840,21.266382
1841,21.258375
1842,21.255743
1843,21.247871
1844,21.243301
1845,21.239216
1846,21.225801
1847,21.222742
1848,21.208689
1849,21.201666
1850,21.193104
1851,21.189297
1852,21.184690
1853,21.167732
1854,21.160730
1855,21.146692
1856,21.139252
1857,21.132511
1858,21.124660
1859,21.111877
1860,21.107372
1861,21.101963
1862,21.097925
1863,21.094072
1864,21.093115
1865,21.070360
1866,21.066620
1867,21.058607
1868,21.048843
1869,21.037611
1870,21.033958
1871,21.025801
1872,21.019848
1873,21.015949
1874,21.007708
1875,21.002716
1876,20.995773
1877,20.987310
1878,20.983500
1879,20.975088
1880,20.964447
1881,20.956606
1882,20.950113
1883,20.945498
1884,20.940161
1885,20.924984
1886,20.924641
1887,20.917181
1888,20.905317
1889,20.894697
1890,20.892021
1891,20.885353
1892,20.872606
1893,20.871696
1894,20.861160
1895,20.846407
1896,20.840857
1897,20.834764
1898,20.827938
1899,20.826118
1900,20.813377
1901,20.807295
1902,20.794338
1903,20.792137
1904,20.777390
1905,20.773844
1906,20.765934
1907,20.755117
1908,20.750830
1909,20.739155
1910,20.730955
1911,20.722696
1912,20.715746
1913,20.709137
1914,20.706156
1915,20.694027
1916,20.690866
1917,20.688232
1918,20.679523
1919,20.673418
1920,20.663206
1921,20.652180
1922,20.648363
1923,20.646206
1924,20.643381
1925,20.630033
1926,20.619780
1927,20.616690
1928,20.604601
1929,20.586899
1930,20.578932
1931,20.575684
1932,20.572075
1933,20.563593
1934,20.558777
1935,20.550875
1936,20.542221
1937,20.541103
1938,20.533329
1939,20.527437
1940,20.520605
1941,20.517427
1942,20.510805
1943,20.497873
1944,20.487101
1945,20.479935
1946,20.471996
1947,20.463682
1948,20.458593
1949,20.451294
1950,20.449289
1951,20.435650
1952,20.432278
1953,20.426964
1954,20.416885
1955,20.411821
1956,20.407803
1957,20.398228
1958,20.387300
1959,20.386585
1960,20.379475
1961,20.369558
1962,20.362753
1963,20.353302
1964,20.339800
1965,20.332083
1966,20.315287
1967,20.312508
1968,20.307726
1969,20.300356
1970,20.295029
1971,20.288723
1972,20.282635
1973,20.276556
1974,20.265593
1975,20.252340
1976,20.250038
1977,20.238930
1978,20.233923
1979,20.231560
1980,20.224573
1981,20.219358
1982,20.200996
1983,20.190800
1984,20.184566
1985,20.182430
1986,20.176991
1987,20.171263
1988,20.161289
1989,20.158335
1990,20.150572
1991,20.143654
1992,20.134428
1993,20.124298
1994,20.119078
1995,20.109964
1996,20.102337
1997,20.098597
1998,20.087088
1999,20.084181
2000,20.072506
2001,20.064857
2002,20.050348
2003,20.044065
2004,20.040087
2005,20.034611
2006,20.030476
2007,20.010777
2008,20.003036
2009,20.000980
2010,19.997087
2011,19.990528
2012,19.983322
2013,19.976759
2014,19.970966
2015,19.964003
2016,19.958258
2017,19.946383
2018,19.942768
2019,19.930710
2020,19.923779
2021,19.916000
2022,19.905880
2023,19.897404
2024,19.890593
2025,19.887964
2026,19.882635
2027,19.871874
2028,19.862299
2029,19.861401
2030,19.843668
2031,19.839212
2032,19.833128
2033,19.829132
2034,19.823059
2035,19.816378
2036,19.801939
2037,19.800920
2038,19.793531
2039,19.792982
2040,19.785252
2041,19.773258
2042,19.763283
2043,19.752718
2044,19.748566
2045,19.747494
2046,19.736135
2047,19.730970
2048,19.728151
2049,19.713026
2050,19.710495
2051,19.699591
2052,19.694677
2053,19.687052
2054,19.673376
2055,19.671877
2056,19.664721
2057,19.655720
2058,19.654060
2059,19.650356
2060,19.645342
2061,19.641287
2062,19.623995
2063,19.617832
2064,19.612413
2065,19.604664
2066,19.593449
2067,19.586964
2068,19.576693
2069,19.568085
2070,19.565010
2071,19.559767
2072,19.551624
2073,19.548134
2074,19.543133
2075,19.529963
2076,19.525002
2077,19.521641
2078,19.513130
2079,19.502550
2080,19.498489
2081,19.489500
2082,19.483131
2083,19.475021
2084,19.467386
2085,19.460840
2086,19.459913
2087,19.455036
2088,19.443562
2089,19.435431
2090,19.427555
2091,19.417883
2092,19.412127
2093,19.404194
2094,19.394690
2095,19.390722
2096,19.383041
2097,19.378883
2098,19.365759
2099,19.359663
2100,19.350107
2101,19.341084
2102,19.335142
2103,19.324448
2104,19.322897
2105,19.316742
2106,19.295404
2107,19.293079
2108,19.289255
2109,19.280190
2110,19.279057
2111,19.270229
2112,19.261461
2113,19.254385
2114,19.249372
2115,19.235155
2116,19.233952
2117,19.225309
2118,19.222692
2119,19.218117
2120,19.207035
2121,19.205858
2122,19.195232
2123,19.186125
2124,19.179367
2125,19.176407
2126,19.161715
2127,19.159164
2128,19.143368
2129,19.138063
2130,19.134510
2131,19.132227
2132,19.124750
2133,19.114151
2134,19.097528
2135,19.091841
2136,19.084789
2137,19.082205
2138,19.076284
2139,19.058496
2140,19.055077
2141,19.050230
2142,19.049313
2143,19.036184
2144,19.029716
2145,19.018543
2146,19.011562
2147,19.003355
2148,18.992847
2149,18.983425
2150,18.975681
2151,18.971064
2152,18.957962
2153,18.957087
2154,18.947641
2155,18.945679
2156,18.941298
2157,18.931372
2158,18.921700
2159,18.916630
2160,18.904634
2161,18.902567
2162,18.893156
2163,18.890533
2164,18.885506
2165,18.865786
2166,18.857149
2167,18.855095
2168,18.849154
2169,18.846840
2170,18.832129
2171,18.822340
2172,18.815493
2173,18.808212
2174,18.799664
2175,18.798433
2176,18.785978
2177,18.781727
2178,18.774035
2179,18.771202
2180,18.766817
2181,18.751781
2182,18.749893
2183,18.745697
2184,18.735205
2185,18.731407
2186,18.727890
2187,18.718285
2188,18.715822
2189,18.698555
2190,18.688248
2191,18.685055
2192,18.677536
2193,18.673576
2194,18.660131
2195,18.656506
2196,18.651100
2197,18.644451
2198,18.632065
2199,18.628084
2200,18.619959
2201,18.614492
2202,18.603844
2203,18.600193
2204,18.596149
2205,18.588585
2206,18.582640
2207,18.573820
2208,18.565903
2209,18.553154
2210,18.549398
2211,18.542730
2212,18.538397
2213,18.521814
2214,18.518167
2215,18.515295
2216,18.507481
2217,18.493841
2218,18.488909
2219,18.481966
2220,18.476555
2221,18.471680
2222,18.458109
2223,18.450226
2224,18.449736
2225,18.439810
2226,18.429647
2227,18.417856
2228,18.406429
2229,18.400139
2230,18.395926
2231,18.393997
2232,18.390724
2233,18.380648
2234,18.372747
2235,18.368288
2236,18.355705
2237,18.354355
2238,18.350807
2239,18.344362
2240,18.336618
2241,18.329943
2242,18.327171
2243,18.319113
2244,18.305237
2245,18.300020
2246,18.294785
2247,18.291435
2248,18.281208
2249,18.277218
2250,18.261692
2251,18.259539
2252,18.251160
2253,18.249382
2254,18.237328
2255,18.225513
2256,18.221176
2257,18.209473
2258,18.201931
2259,18.196686
2260,18.191479
2261,18.188107
2262,18.176428
2263,18.171309
2264,18.155184
2265,18.151592
2266,18.147581
2267,18.133799
2268,18.131487
2269,18.123999
2270,18.118687
2271,18.107525
2272,18.105572
2273,18.103210
2274,18.093641
2275,18.090054
2276,18.085377
2277,18.074202
2278,18.063448
2279,18.055109
2280,18.045681
2281,18.034958
2282,18.032032
2283,18.025036
2284,18.017483
2285,18.013798
2286,18.005718
2287,17.991299
2288,17.987648
2289,17.984066
2290,17.972843
2291,17.967459
2292,17.958216
2293,17.953102
2294,17.943760
2295,17.937046
2296,17.930574
2297,17.921474
2298,17.912380
2299,17.906239
2300,17.904766
2301,17.890295
2302,17.888275
2303,17.882339
2304,17.875393
2305,17.870680
2306,17.860289
2307,17.852854
2308,17.847261
2309,17.844786
2310,17.838663
2311,17.831160
2312,17.827200
2313,17.819416
2314,17.809877
2315,17.803761
2316,17.799719
2317,17.795631
2318,17.783606
2319,17.780127
2320,17.767344
2321,17.763906
2322,17.755297
2323,17.749426
2324,17.743835
2325,17.734447
2326,17.733561
2327,17.722513
2328,17.713049
2329,17.699480
2330,17.695738
2331,17.689371
2332,17.682999
2333,17.676607
2334,17.671791
2335,17.663513
2336,17.654078
2337,17.642159
2338,17.637203
2339,17.629808
2340,17.621593
2341,17.616909
2342,17.603971
2343,17.600088
2344,17.593132
2345,17.579536
2346,17.577438
2347,17.569620
2348,17.561834
2349,17.559277
2350,17.551865
2351,17.550011
2352,17.540468
2353,17.526148
2354,17.521267
2355,17.516651
2356,17.512808
2357,17.504112
2358,17.497440
2359,17.490414
2360,17.485237
2361,17.477663
2362,17.471161
2363,17.467951
2364,17.456364
2365,17.451300
2366,17.441000
2367,17.429996
2368,17.425690
2369,17.422163
2370,17.413374
2371,17.409296
2372,17.402399
2373,17.389301
2374,17.386660
2375,17.382010
2376,17.367741
2377,17.364857
2378,17.352411
2379,17.344419
2380,17.337414
2381,17.328053
2382,17.325939
2383,17.321495
2384,17.309216
2385,17.305370
2386,17.290113
2387,17.286352
2388,17.282566
2389,17.275047
2390,17.266973
2391,17.260040
2392,17.253372
2393,17.243093
2394,17.241043
2395,17.238054
2396,17.231026
2397,17.225655
2398,17.220268
2399,17.210396
2400,17.199467
2401,17.194944
2402,17.188187
2403,17.182745
2404,17.172718
2405,17.162790
2406,17.160471
2407,17.155079
2408,17.149702
2409,17.133280
2410,17.129698
2411,17.121101
2412,17.113594
2413,17.110481
2414,17.103949
2415,17.094084
2416,17.089548
2417,17.084623
2418,17.078609
2419,17.072466
2420,17.061003
2421,17.054396
2422,17.041498
2423,17.035917
2424,17.029152
2425,17.026581
2426,17.017315
2427,17.009222
2428,17.003073
2429,17.001020
2430,16.987118
2431,16.981279
2432,16.972897
2433,16.970215
2434,16.957567
2435,16.955072
2436,16.946121
2437,16.944567
2438,16.934599
2439,16.925827
2440,16.914551
2441,16.913385
2442,16.906380
2443,16.898647
2444,16.893705
2445,16.883512
2446,16.878201
2447,16.872030
2448,16.865330
2449,16.860033
2450,16.849413
2451,16.845711
2452,16.834417
2453,16.831335
2454,16.827169
2455,16.824421
2456,16.804899
2457,16.799988
2458,16.798851
2459,16.787046
2460,16.776438
2461,16.771217
2462,16.765369
2463,16.759623
2464,16.753952
2465,16.741877
2466,16.731745
2467,16.725304
2468,16.721249
2469,16.713316
2470,16.702583
2471,16.698786
2472,16.686613
2473,16.680868
2474,16.671307
2475,16.664873
2476,16.658409
2477,16.653234
2478,16.645222
2479,16.642082
2480,16.627144
2481,16.619976
2482,16.619534
2483,16.611717
2484,16.605911
2485,16.597689
2486,16.592375
2487,16.583794
2488,16.581947
2489,16.568672
2490,16.557999
2491,16.553974
2492,16.551224
2493,16.544365
2494,16.534235
2495,16.526361
2496,16.520620
2497,16.515289
2498,16.512682
2499,16.497303
2500,16.492126
2501,16.486010
2502,16.479227
2503,16.472898
2504,16.462757
2505,16.460972
2506,16.454149
2507,16.446846
2508,16.437771
2509,16.430731
2510,16.421812
2511,16.415497
2512,16.404263
2513,16.401546
2514,16.394674
2515,16.390635
2516,16.379553
2517,16.374754
2518,16.369738
2519,16.364595
2520,16.360159
2521,16.349052
2522,16.346525
2523,16.334902
2524,16.330309
2525,16.321114
2526,16.319738
2527,16.310890
2528,16.307178
2529,16.289591
2530,16.285940
2531,16.280872
2532,16.274357
2533,16.266205
2534,16.260963
2535,16.250847
2536,16.249287
2537,16.240044
2538,16.236509
2539,16.220055
2540,16.217426
2541,16.213438
2542,16.203449
2543,16.199656
2544,16.188570
2545,16.182287
2546,16.177486
2547,16.166670
2548,16.160454
2549,16.148432
2550,16.142538
2551,16.139484
2552,16.135468
2553,16.128178
2554,16.112762
2555,16.107977
2556,16.099112
2557,16.094374
2558,16.082439
2559,16.077044
2560,16.075233
2561,16.068790
2562,16.061302
2563,16.055756
2564,16.045385
2565,16.038652
2566,16.034981
2567,16.025152
2568,16.019356
2569,16.016417
2570,16.009092
2571,15.995962
2572,15.988795
2573,15.987354
2574,15.984199
2575,15.968805
2576,15.957771
2577,15.955009
2578,15.945799
2579,15.943885
2580,15.939060
2581,15.932501
2582,15.927218
2583,15.918122
2584,15.911073
2585,15.900725
2586,15.892594
2587,15.878642
2588,15.877722
2589,15.872818
2590,15.863143
2591,15.854630
2592,15.850451
2593,15.844565
2594,15.835791
2595,15.831717
2596,15.824599
2597,15.814087
2598,15.808375
2599,15.807823
2600,15.794817
2601,15.794271
2602,15.785725
2603,15.777947
2604,15.773591
2605,15.770320
2606,15.761574
2607,15.746376
2608,15.745185
2609,15.738842
2610,15.732051
2611,15.729722
2612,15.718391
2613,15.708374
2614,15.700786
2615,15.693927
2616,15.691936
2617,15.669778
2618,15.666718
2619,15.660192
2620,15.657533
2621,15.647818
2622,15.639986
2623,15.636852
2624,15.632953
2625,15.627719
2626,15.619107
2627,15.615882
2628,15.607269
2629,15.596500
2630,15.587966
2631,15.579891
2632,15.575771
2633,15.569562
2634,15.557070
2635,15.549743
2636,15.541676
2637,15.532587
2638,15.528702
2639,15.521111
2640,15.516670
2641,15.507509
2642,15.496208
2643,15.485657
2644,15.480781
2645,15.475677
2646,15.472830
2647,15.470201
2648,15.462795
2649,15.462179
2650,15.445237
2651,15.435493
2652,15.432015
2653,15.427661
2654,15.422543
2655,15.415254
2656,15.405778
2657,15.395134
2658,15.394787
2659,15.387717
2660,15.377288
2661,15.374761
2662,15.367116
2663,15.358471
2664,15.353081
2665,15.342854
2666,15.339640
2667,15.326979
2668,15.321541
2669,15.315819
2670,15.312641
2671,15.305530
2672,15.300057
2673,15.289825
2674,15.279092
2675,15.272721
2676,15.265955
2677,15.254283
2678,15.253187
2679,15.245356
2680,15.239538
2681,15.231732
2682,15.226835
2683,15.223408
2684,15.220311
2685,15.203820
2686,15.198651
2687,15.193630
2688,15.190288
2689,15.177128
2690,15.174704
2691,15.169732
2692,15.166368
2693,15.158486
2694,15.148948
2695,15.143808
2696,15.140669
2697,15.135395
2698,15.124645
2699,15.115299
2700,15.110063
2701,15.106564
2702,15.104067
2703,15.093288
2704,15.078141
2705,15.067645
2706,15.057794
2707,15.045608
2708,15.042768
2709,15.031692
2710,15.028692
2711,15.020441
2712,15.015773
2713,15.013657
2714,15.005092
2715,15.000497
2716,14.995652
2717,14.986053
2718,14.978154
2719,14.974449
2720,14.971046
2721,14.962539
2722,14.959724
2723,14.948833
2724,14.946118
2725,14.936606
2726,14.932868
2727,14.914152
2728,14.910983
2729,14.904596
2730,14.899111
2731,14.894281
2732,14.885390
2733,14.869188
2734,14.866753
2735,14.859151
2736,14.855002
2737,14.845185
2738,14.842244
2739,14.837388
2740,14.829948
2741,14.822321
2742,14.817473
2743,14.803497
2744,14.795648
2745,14.792633
2746,14.777875
2747,14.772537
2748,14.768471
2749,14.764902
2750,14.756109
2751,14.749090
2752,14.742304
2753,14.736462
2754,14.730000
2755,14.721127
2756,14.716886
2757,14.711228
2758,14.705696
2759,14.697627
2760,14.685316
2761,14.681906
2762,14.669239
2763,14.668426
2764,14.656256
2765,14.649113
2766,14.638699
2767,14.632811
2768,14.627838
2769,14.624116
2770,14.617974
2771,14.606647
2772,14.605852
2773,14.594554
2774,14.591094
2775,14.582843
2776,14.574947
2777,14.574196
2778,14.569155
2779,14.558417
2780,14.550665
2781,14.543067
2782,14.541263
2783,14.537250
2784,14.522133
2785,14.515388
2786,14.507083
2787,14.502299
2788,14.500200
2789,14.493391
2790,14.479512
2791,14.471426
2792,14.465559
2793,14.459860
2794,14.451062
2795,14.441633
2796,14.437357
2797,14.428054
2798,14.424282
2799,14.418303
2800,14.408327
2801,14.403405
2802,14.397758
2803,14.390335
2804,14.382709
2805,14.374204
2806,14.369431
2807,14.355557
2808,14.351147
2809,14.349213
2810,14.345745
2811,14.341292
2812,14.327127
2813,14.324594
2814,14.321486
2815,14.315790
2816,14.303912
2817,14.298303
2818,14.285913
2819,14.284646
2820,14.269809
2821,14.261928
2822,14.258593
2823,14.253555
2824,14.246887
2825,14.234906
2826,14.229836
2827,14.224931
2828,14.221642
2829,14.211128
2830,14.209048
2831,14.196554
2832,14.192404
2833,14.184154
2834,14.177969
2835,14.172331
2836,14.160012
2837,14.156322
2838,14.153828
2839,14.144450
2840,14.133533
2841,14.130631
2842,14.124167
2843,14.117079
2844,14.111600
2845,14.102711
2846,14.097623
2847,14.089049
2848,14.075502
2849,14.070118
2850,14.068242
2851,14.065453
2852,14.050827
2853,14.048500
2854,14.038074
2855,14.034176
2856,14.031573
2857,14.030079
2858,14.018084
2859,14.011788
2860,14.003872
2861,14.000303
2862,13.993093
2863,13.980678
2864,13.973485
2865,13.968774
2866,13.958269
2867,13.953524
2868,13.951168
2869,13.943893
2870,13.938690
2871,13.920803
2872,13.912150
2873,13.907479
2874,13.901765
2875,13.897275
2876,13.886724
2877,13.882449
2878,13.876792
2879,13.871293
2880,13.865047
2881,13.860725
2882,13.847073
2883,13.843739
2884,13.837455
2885,13.835789
2886,13.829872
2887,13.821572
2888,13.813657
2889,13.806569
2890,13.800102
2891,13.793838
2892,13.787274
2893,13.781092
2894,13.767008
2895,13.757450
2896,13.751507
2897,13.744150
2898,13.738447
2899,13.730660
2900,13.727827
2901,13.723240
2902,13.712894
2903,13.707774
2904,13.699410
2905,13.697261
2906,13.692838
2907,13.689486
2908,13.671613
2909,13.664206
2910,13.655952
2911,13.652666
2912,13.643549
2913,13.633882
2914,13.625230
2915,13.621808
2916,13.617362
2917,13.614821
2918,13.602967
2919,13.593428
2920,13.585897
2921,13.579803
2922,13.572691
2923,13.565515
2924,13.562121
2925,13.559778
2926,13.552564
2927,13.542461
2928,13.539779
2929,13.530582
2930,13.521584
2931,13.518435
2932,13.510505
2933,13.498513
2934,13.492558
2935,13.489649
2936,13.482654
2937,13.474307
2938,13.465675
2939,13.456895
2940,13.454939
2941,13.448152
2942,13.439690
2943,13.437778
2944,13.427781
2945,13.424065
2946,13.415426
2947,13.410855
2948,13.405620
2949,13.398136
2950,13.381927
2951,13.381647
2952,13.376275
2953,13.366224
2954,13.360066
2955,13.351789
2956,13.347670
2957,13.340919
2958,13.340864
2959,13.331418
2960,13.320667
2961,13.311296
2962,13.305810
2963,13.296493
2964,13.290726
2965,13.279396
2966,13.269912
2967,13.268403
2968,13.265304
2969,13.248681
2970,13.247535
2971,13.243021
2972,13.230855
2973,13.225869
2974,13.224709
2975,13.217058
2976,13.216224
2977,13.206655
2978,13.196801
2979,13.187776
2980,13.179695
2981,13.174031
2982,13.169308
2983,13.161809
2984,13.159675
2985,13.148264
2986,13.136572
2987,13.135610
2988,13.131972
2989,13.126350
2990,13.117051
2991,13.111054
2992,13.104641
2993,13.092796
2994,13.090689
2995,13.077724
2996,13.074134
2997,13.067867
2998,13.058452
2999,13.055174
3000,13.045618
3001,13.042881
3002,13.036415
3003,13.025669
3004,13.018483
3005,13.010695
3006,13.007015
3007,13.001974
3008,12.999115
3009,12.985561
3010,12.980603
3011,12.968376
3012,12.952622
3013,12.948198
3014,12.939013
3015,12.931809
3016,12.928609
3017,12.922863
3018,12.915586
3019,12.909928
3020,12.908260
3021,12.899874
3022,12.886588
3023,12.882920
3024,12.878667
3025,12.871741
3026,12.860652
3027,12.856415
3028,12.849874
3029,12.846077
3030,12.837842
3031,12.835377
3032,12.826898
3033,12.818837
3034,12.813814
3035,12.805460
3036,12.797128
3037,12.791686
3038,12.782911
3039,12.778224
3040,12.776234
3041,12.765650
3042,12.761009
3043,12.744193
3044,12.743136
3045,12.737773
3046,12.728848
3047,12.718444
3048,12.715102
3049,12.705714
3050,12.699015
3051,12.697050
3052,12.690660
3053,12.683551
3054,12.671941
3055,12.667357
3056,12.661106
3057,12.656549
3058,12.652533
3059,12.641434
3060,12.633479
3061,12.631161
3062,12.622572
3063,12.615310
3064,12.612955
3065,12.607604
3066,12.600103
3067,12.593613
3068,12.589206
3069,12.581724
3070,12.570218
3071,12.567481
3072,12.564314
3073,12.546465
3074,12.543715
3075,12.537157
3076,12.526377
3077,12.523776
3078,12.511932
3079,12.506251
3080,12.501390
3081,12.492636
3082,12.488637
3083,12.479753
3084,12.474857
3085,12.471460
3086,12.462429
3087,12.459418
3088,12.454618
3089,12.439907
3090,12.437601
3091,12.422289
3092,12.415973
3093,12.411245
3094,12.402147
3095,12.399115
3096,12.393859
3097,12.390238
3098,12.381961
3099,12.374330
3100,12.370019
3101,12.361908
3102,12.359078
3103,12.358288
3104,12.347841
3105,12.345262
3106,12.330348
3107,12.329885
3108,12.307837
3109,12.304257
3110,12.297614
3111,12.285404
3112,12.278771
3113,12.273309
3114,12.264717
3115,12.261248
3116,12.256108
3117,12.253844
3118,12.245138
3119,12.242259
3120,12.230889
3121,12.224195
3122,12.217155
3123,12.210312
3124,12.203814
3125,12.197034
3126,12.185920
3127,12.177685
3128,12.173399
3129,12.170193
3130,12.158422
3131,12.152987
3132,12.147930
3133,12.144755
3134,12.132587
3135,12.121865
3136,12.115832
3137,12.113241
3138,12.107736
3139,12.097123
3140,12.092097
3141,12.088276
3142,12.083368
3143,12.070212
3144,12.068508
3145,12.055915
3146,12.053255
3147,12.046007
3148,12.040213
3149,12.036490
3150,12.028476
3151,12.026934
3152,12.016480
3153,12.004960
3154,12.003654
3155,11.996188
3156,11.994701
3157,11.983511
3158,11.976779
3159,11.974351
3160,11.965567
3161,11.963470
3162,11.954968
3163,11.950227
3164,11.942136
3165,11.929667
3166,11.923671
3167,11.917025
3168,11.909719
3169,11.906628
3170,11.901633
3171,11.889701
3172,11.883010
3173,11.881507
3174,11.872602
3175,11.865727
3176,11.857612
3177,11.851928
3178,11.850045
3179,11.844075
3180,11.833967
3181,11.827119
3182,11.818377
3183,11.807286
3184,11.802134
3185,11.798190
3186,11.796517
3187,11.785249
3188,11.780985
3189,11.776349
3190,11.774217
3191,11.758911
3192,11.749321
3193,11.744038
3194,11.737174
3195,11.733830
3196,11.726731
3197,11.717023
3198,11.709038
3199,11.703550
3200,11.700345
3201,11.693391
3202,11.686229
3203,11.679758
3204,11.669911
3205,11.669109
3206,11.661670
3207,11.649236
3208,11.637145
3209,11.632305
3210,11.623843
3211,11.615740
3212,11.609297
3213,11.607362
3214,11.598022
3215,11.586457
3216,11.583158
3217,11.577318
3218,11.567038
3219,11.559681
3220,11.555002
3221,11.549001
3222,11.542513
3223,11.537160
3224,11.532311
3225,11.528145
3226,11.524787
3227,11.516448
3228,11.507540
3229,11.500099
3230,11.491337
3231,11.489336
3232,11.482521
3233,11.477036
3234,11.470614
3235,11.462182
3236,11.455990
3237,11.444143
3238,11.434719
3239,11.429396
3240,11.423345
3241,11.418472
3242,11.412560
3243,11.401114
3244,11.399570
3245,11.387941
3246,11.376242
3247,11.372797
3248,11.365968
3249,11.359432
3250,11.354040
3251,11.348569
3252,11.343540
3253,11.335594
3254,11.332681
3255,11.328064
3256,11.320185
3257,11.312287
3258,11.309504
3259,11.297097
3260,11.296552
3261,11.290024
3262,11.287233
3263,11.285090
3264,11.271483
3265,11.263224
3266,11.261559
3267,11.256918
3268,11.248096
3269,11.241530
3270,11.234187
3271,11.230857
3272,11.224317
3273,11.220589
3274,11.216124
3275,11.204762
3276,11.195596
3277,11.191566
3278,11.184932
3279,11.181459
3280,11.167909
3281,11.164031
3282,11.159652
3283,11.148724
3284,11.139545
3285,11.134790
3286,11.127401
3287,11.123913
3288,11.116320
3289,11.110069
3290,11.103114
3291,11.091605
3292,11.086464
3293,11.084105
3294,11.077890
3295,11.072363
3296,11.069076
3297,11.057319
3298,11.050371
3299,11.048238
3300,11.036014
3301,11.032579
3302,11.027218
3303,11.019584
3304,11.014856
3305,11.009305
3306,10.998448
3307,10.987967
3308,10.985192
3309,10.975086
3310,10.971280
3311,10.961902
3312,10.958426
3313,10.951403
3314,10.949057
3315,10.935142
3316,10.933429
3317,10.921617
3318,10.917240
3319,10.911195
3320,10.900817
3321,10.895102
3322,10.893388
3323,10.877018
3324,10.871962
3325,10.863558
3326,10.858908
3327,10.854692
3328,10.848954
3329,10.844179
3330,10.835537
3331,10.828780
3332,10.821676
3333,10.819715
3334,10.814125
3335,10.801331
3336,10.794485
3337,10.780890
3338,10.778124
3339,10.766245
3340,10.764310
3341,10.761174
3342,10.752389
3343,10.745625
3344,10.734635
3345,10.734450
3346,10.728053
3347,10.724675
3348,10.717924
3349,10.713014
3350,10.703012
3351,10.691369
3352,10.685326
3353,10.678044
3354,10.673941
3355,10.665137
3356,10.656193
3357,10.652696
3358,10.649424
3359,10.644153
3360,10.633701
3361,10.623507
3362,10.618685
3363,10.608764
3364,10.604992
3365,10.598438
3366,10.597277
3367,10.578827
3368,10.574990
3369,10.568008
3370,10.563411
3371,10.560783
3372,10.551303
3373,10.547170
3374,10.544854
3375,10.532765
3376,10.526926
3377,10.514346
3378,10.510756
3379,10.507205
3380,10.501399
3381,10.499159
3382,10.490673
3383,10.478652
3384,10.474846
3385,10.469881
3386,10.460508
3387,10.454208
3388,10.441736
3389,10.437284
3390,10.430708
3391,10.424870
3392,10.415800
3393,10.414520
3394,10.410595
3395,10.403949
3396,10.388465
3397,10.386061
3398,10.381794
3399,10.371924
3400,10.360592
3401,10.354285
3402,10.350580
3403,10.349274
3404,10.339425
3405,10.336847
3406,10.334914
3407,10.329226
3408,10.323910
3409,10.305924
3410,10.299309
3411,10.292993
3412,10.289084
3413,10.287638
3414,10.280511
3415,10.275894
3416,10.262421
3417,10.254002
3418,10.250539
3419,10.243741
3420,10.239860
3421,10.233306
3422,10.223263
3423,10.219131
3424,10.204097
3425,10.199724
3426,10.196925
3427,10.189590
3428,10.183858
3429,10.175846
3430,10.171863
3431,10.163391
3432,10.157460
3433,10.150829
3434,10.148046
3435,10.129161
3436,10.128497
3437,10.120189
3438,10.114120
3439,10.110909
3440,10.104311
3441,10.092838
3442,10.090343
3443,10.084599
3444,10.078382
3445,10.075208
3446,10.069599
3447,10.064685
3448,10.059359
3449,10.048201
3450,10.041641
3451,10.037349
3452,10.033289
3453,10.024996
3454,10.017906
3455,10.003616
3456,9.997865
3457,9.992970
3458,9.984461
3459,9.973588
3460,9.970273
3461,9.961190
3462,9.952220
3463,9.947901
3464,9.940848
3465,9.939575
3466,9.927517
3467,9.925076
3468,9.917956
3469,9.910652
3470,9.903452
3471,9.901296
3472,9.893179
3473,9.885184
3474,9.867499
3475,9.865955
3476,9.862870
3477,9.848571
3478,9.846793
3479,9.841313
3480,9.836550
3481,9.831421
3482,9.823326
3483,9.817798
3484,9.807929
3485,9.802764
3486,9.798247
3487,9.793089
3488,9.779002
3489,9.777166
3490,9.767020
3491,9.764190
3492,9.759970
3493,9.755178
3494,9.739620
3495,9.733050
3496,9.727622
3497,9.720222
3498,9.712939
3499,9.709588
3500,9.703168
3501,9.702528
3502,9.693670
3503,9.686591
3504,9.683795
3505,9.680038
3506,9.668811
3507,9.661920
3508,9.657207
3509,9.650756
3510,9.644161
3511,9.627182
3512,9.623091
3513,9.615655
3514,9.609348
3515,9.604372
3516,9.598798
3517,9.595601
3518,9.589920
3519,9.581600
3520,9.575994
3521,9.566111
3522,9.560431
3523,9.555375
3524,9.549231
3525,9.545902
3526,9.542427
3527,9.533264
3528,9.518614
3529,9.510498
3530,9.503314
3531,9.496596
3532,9.493137
3533,9.482494
3534,9.473781
3535,9.470420
3536,9.466869
3537,9.463902
3538,9.453158
3539,9.451789
3540,9.445362
3541,9.438492
3542,9.433208
3543,9.428475
3544,9.415996
3545,9.408652
3546,9.402353
3547,9.397696
3548,9.391200
3549,9.380626
3550,9.377819
3551,9.368848
3552,9.365185
3553,9.353232
3554,9.350052
3555,9.341558
3556,9.335356
3557,9.332749
3558,9.324661
3559,9.316730
3560,9.306237
3561,9.298703
3562,9.295790
3563,9.290636
3564,9.287843
3565,9.280982
3566,9.269182
3567,9.266100
3568,9.262264
3569,9.252523
3570,9.248291
3571,9.245038
3572,9.222668
3573,9.217801
3574,9.217065
3575,9.214421
3576,9.200419
3577,9.198231
3578,9.193555
3579,9.186835
3580,9.177486
3581,9.172010
3582,9.170643
3583,9.155547
3584,9.149473
3585,9.142678
3586,9.136573
3587,9.124583
3588,9.121103
3589,9.111433
3590,9.107407
3591,9.101094
3592,9.096781
3593,9.088260
3594,9.085095
3595,9.073092
3596,9.068051
3597,9.063416
3598,9.053583
3599,9.049971
3600,9.040710
3601,9.039646
3602,9.022195
3603,9.021276
3604,9.015390
3605,9.003517
3606,8.996200
3607,8.993608
3608,8.989102
3609,8.983056
3610,8.972696
3611,8.969777
3612,8.964560
3613,8.958815
3614,8.953243
3615,8.945888
3616,8.941444
3617,8.933482
3618,8.928516
3619,8.920026
3620,8.917505
3621,8.912252
3622,8.907603
3623,8.892316
3624,8.882955
3625,8.878749
3626,8.869595
3627,8.867579
3628,8.860020
3629,8.854186
3630,8.845504
3631,8.841866
3632,8.831903
3633,8.823287
3634,8.821349
3635,8.810847
3636,8.805322
3637,8.798187
3638,8.791693
3639,8.782949
3640,8.778409
3641,8.770004
3642,8.767641
3643,8.762627
3644,8.760121
3645,8.749616
3646,8.741559
3647,8.737889
3648,8.733084
3649,8.727174
3650,8.721306
3651,8.715429
3652,8.707767
3653,8.699879
3654,8.694180
3655,8.687509
3656,8.679100
3657,8.669643
3658,8.657857
3659,8.656104
3660,8.652722
3661,8.648696
3662,8.633564
3663,8.628049
3664,8.621724
3665,8.618010
3666,8.609579
3667,8.601534
3668,8.597544
3669,8.590263
3670,8.579188
3671,8.571802
3672,8.566292
3673,8.557901
3674,8.556756
3675,8.543735
3676,8.540339
3677,8.535411
3678,8.531335
3679,8.517292
3680,8.516006
3681,8.510280
3682,8.506781
3683,8.497478
3684,8.491347
3685,8.487028
3686,8.476810
3687,8.474862
3688,8.466374
3689,8.463696
3690,8.460027
3691,8.443235
3692,8.436212
3693,8.429676
3694,8.425127
3695,8.420753
3696,8.410328
3697,8.407200
3698,8.401021
3699,8.391194
3700,8.385490
3701,8.380579
3702,8.372511
3703,8.364664
3704,8.361566
3705,8.354225
3706,8.343772
3707,8.334620
3708,8.331854
3709,8.325543
3710,8.315546
3711,8.307136
3712,8.303405
3713,8.300160
3714,8.297564
3715,8.290511
3716,8.286572
3717,8.278221
3718,8.270803
3719,8.261524
3720,8.250937
3721,8.248785
3722,8.244263
3723,8.238030
3724,8.232859
3725,8.221320
3726,8.214569
3727,8.209020
3728,8.198541
3729,8.191367
3730,8.187449
3731,8.180783
3732,8.178693
3733,8.169417
3734,8.158760
3735,8.152356
3736,8.145821
3737,8.143319
3738,8.140931
3739,8.128433
3740,8.126185
3741,8.123057
3742,8.117132
3743,8.113127
3744,8.103456
3745,8.101989
3746,8.098671
3747,8.085899
3748,8.077575
3749,8.069365
3750,8.063030
3751,8.058786
3752,8.055607
3753,8.050121
3754,8.042613
3755,8.035582
3756,8.032537
3757,8.025610
3758,8.019281
3759,8.007712
3760,8.001786
3761,7.995343
3762,7.988070
3763,7.982200
3764,7.979524
3765,7.969467
3766,7.964503
3767,7.956580
3768,7.940979
3769,7.938825
3770,7.930674
3771,7.927410
3772,7.918506
3773,7.916533
3774,7.913214
3775,7.901875
3776,7.886942
3777,7.881195
3778,7.872257
3779,7.869806
3780,7.863437
3781,7.857174
3782,7.853958
3783,7.850090
3784,7.841422
3785,7.835735
3786,7.828071
3787,7.821090
3788,7.813241
3789,7.800822
3790,7.797421
3791,7.791510
3792,7.789773
3793,7.785734
3794,7.775816
3795,7.763634
3796,7.760287
3797,7.754438
3798,7.744647
3799,7.737438
3800,7.727819
3801,7.727292
3802,7.719626
3803,7.714594
3804,7.703764
3805,7.701035
3806,7.692088
3807,7.687995
3808,7.681665
3809,7.675300
3810,7.663292
3811,7.659279
3812,7.656444
3813,7.646746
3814,7.645328
3815,7.633695
3816,7.626293
3817,7.622793
3818,7.615736
3819,7.607867
3820,7.597368
3821,7.596072
3822,7.590525
3823,7.579826
3824,7.574419
3825,7.564566
3826,7.555716
3827,7.550651
3828,7.548331
3829,7.544955
3830,7.534415
3831,7.530015
3832,7.521089
3833,7.518723
3834,7.514811
3835,7.512182
3836,7.505941
3837,7.491678
3838,7.485450
3839,7.476600
3840,7.465780
3841,7.464520
3842,7.455409
3843,7.450007
3844,7.448591
3845,7.435869
3846,7.434744
3847,7.425672
3848,7.416131
3849,7.409226
3850,7.402703
3851,7.397284
3852,7.394458
3853,7.387878
3854,7.380754
3855,7.371295
3856,7.365310
3857,7.359348
3858,7.349663
3859,7.340431
3860,7.338095
3861,7.335083
3862,7.321896
3863,7.320999
3864,7.307812
3865,7.304531
3866,7.303215
3867,7.292778
3868,7.285312
3869,7.283450
3870,7.281236
3871,7.270879
3872,7.255399
3873,7.253345
3874,7.246161
3875,7.243506
3876,7.237171
3877,7.229532
3878,7.224686
3879,7.211506
3880,7.209528
3881,7.201314
3882,7.196021
3883,7.192359
3884,7.181377
3885,7.174926
3886,7.168204
3887,7.163395
3888,7.162105
3889,7.149975
3890,7.147501
3891,7.136440
3892,7.133981
3893,7.126909
3894,7.117231
3895,7.115897
3896,7.101402
3897,7.097994
3898,7.094289
3899,7.091216
3900,7.081588
3901,7.076693
3902,7.068693
3903,7.059037
3904,7.054303
3905,7.049683
3906,7.045636
3907,7.041492
3908,7.032975
3909,7.024887
3910,7.020082
3911,7.013329
3912,7.003969
3913,7.001161
3914,6.990261
3915,6.989436
3916,6.978802
3917,6.972398
3918,6.965446
3919,6.956723
3920,6.947713
3921,6.943178
3922,6.934183
3923,6.928598
3924,6.917453
3925,6.913728
3926,6.910928
3927,6.901852
3928,6.896474
3929,6.893071
3930,6.886571
3931,6.874281
3932,6.867918
3933,6.863477
3934,6.856317
3935,6.850603
3936,6.844408
3937,6.840169
3938,6.829886
3939,6.826461
3940,6.820549
3941,6.814544
3942,6.806242
3943,6.799333
3944,6.790555
3945,6.783597
3946,6.778832
3947,6.775472
3948,6.770378
3949,6.758822
3950,6.753007
3951,6.747177
3952,6.743352
3953,6.735387
3954,6.728124
3955,6.718538
3956,6.714983
3957,6.710533
3958,6.699973
3959,6.693195
3960,6.687566
3961,6.686553
3962,6.680447
3963,6.666763
3964,6.656991
3965,6.653744
3966,6.647160
3967,6.643209
3968,6.627261
3969,6.625610
3970,6.618834
3971,6.616635
3972,6.611039
3973,6.607483
3974,6.597946
3975,6.589520
3976,6.585434
3977,6.578095
3978,6.573574
3979,6.563621
3980,6.561598
3981,6.551473
3982,6.541846
3983,6.540244
3984,6.535416
3985,6.527669
3986,6.515412
3987,6.510767
3988,6.507658
3989,6.501071
3990,6.492412
3991,6.475692
3992,6.470276
3993,6.467637
3994,6.465063
3995,6.461905
3996,6.458625
3997,6.449099
3998,6.439996
3999,6.435487
4000,6.424977
4001,6.417392
4002,6.413462
4003,6.410483
4004,6.400819
4005,6.399622
4006,6.390023
4007,6.381474
4008,6.370381
4009,6.366374
4010,6.364271
4011,6.357170
4012,6.347369
4013,6.343647
4014,6.335678
4015,6.332005
4016,6.319146
4017,6.311656
4018,6.309974
4019,6.301360
4020,6.297438
4021,6.293511
4022,6.286297
4023,6.284832
4024,6.274544
4025,6.271940
4026,6.262248
4027,6.260074
4028,6.252430
4029,6.247161
4030,6.241751
4031,6.224720
4032,6.219218
4033,6.216367
4034,6.207393
4035,6.201972
4036,6.196730
4037,6.190127
4038,6.182244
4039,6.174704
4040,6.171609
4041,6.169990
4042,6.153692
4043,6.150683
4044,6.144217
4045,6.134838
4046,6.131835
4047,6.125465
4048,6.122454
4049,6.112825
4050,6.103966
4051,6.097919
4052,6.094357
4053,6.083817
4054,6.078734
4055,6.069621
4056,6.067552
4057,6.061328
4058,6.054636
4059,6.051455
4060,6.047366
4061,6.037484
4062,6.014269
4063,6.011806
4064,6.009001
4065,6.005734
4066,5.998590
4067,5.991687
4068,5.989555
4069,5.982198
4070,5.977778
4071,5.966507
4072,5.965522
4073,5.950459
4074,5.939733
4075,5.935270
4076,5.934118
4077,5.928386
4078,5.919205
4079,5.915288
4080,5.912623
4081,5.902528
4082,5.897506
4083,5.889902
4084,5.883519
4085,5.876275
4086,5.874981
4087,5.867490
4088,5.865514
4089,5.850009
4090,5.846593
4091,5.843694
4092,5.836837
4093,5.823355
4094,5.812787
4095,5.810891
4096,5.803138
4097,5.797150
4098,5.793284
4099,5.786483
4100,5.781295
4101,5.771866
4102,5.766979
4103,5.762257
4104,5.752186
4105,5.742330
4106,5.738100
4107,5.728551
4108,5.724796
4109,5.715061
4110,5.707293
4111,5.702106
4112,5.698174
4113,5.693855
4114,5.680137
4115,5.676816
4116,5.666237
4117,5.662324
4118,5.658612
4119,5.651160
4120,5.650203
4121,5.646587
4122,5.645655
4123,5.635923
4124,5.623934
4125,5.618703
4126,5.607687
4127,5.601893
4128,5.594259
4129,5.588176
4130,5.582743
4131,5.574161
4132,5.571647
4133,5.567630
4134,5.562669
4135,5.561286
4136,5.553729
4137,5.545060
4138,5.543284
4139,5.533324
4140,5.529629
4141,5.520180
4142,5.515237
4143,5.501655
4144,5.500612
4145,5.494254
4146,5.485877
4147,5.482818
4148,5.475031
4149,5.471020
4150,5.463620
4151,5.451504
4152,5.445815
4153,5.435175
4154,5.431797
4155,5.421705
4156,5.413977
4157,5.406895
4158,5.402444
4159,5.399449
4160,5.391757
4161,5.386394
4162,5.382687
4163,5.377528
4164,5.370395
4165,5.360975
4166,5.351456
4167,5.346941
4168,5.340744
4169,5.335835
4170,5.325238
4171,5.321627
4172,5.311772
4173,5.307967
4174,5.302222
4175,5.292816
4176,5.286445
4177,5.278024
4178,5.273194
4179,5.260924
4180,5.257643
4181,5.251123
4182,5.245615
4183,5.237748
4184,5.233463
4185,5.222231
4186,5.218563
4187,5.209107
4188,5.202513
4189,5.200310
4190,5.191838
4191,5.183956
4192,5.181008
4193,5.168041
4194,5.164162
4195,5.156266
4196,5.152482
4197,5.150561
4198,5.142653
4199,5.138727
4200,5.135841
4201,5.127713
4202,5.117848
4203,5.117215
4204,5.111012
4205,5.104966
4206,5.101515
4207,5.100084
4208,5.080186
4209,5.073936
4210,5.062874
4211,5.058331
4212,5.046009
4213,5.040238
4214,5.037880
4215,5.036284
4216,5.025639
4217,5.024952
4218,5.018279
4219,5.013681
4220,5.008676
4221,4.999329
4222,4.989615
4223,4.985681
4224,4.978424
4225,4.971987
4226,4.964411
4227,4.959758
4228,4.948383
4229,4.936988
4230,4.930683
4231,4.924979
4232,4.920910
4233,4.912001
4234,4.905518
4235,4.896766
4236,4.891298
4237,4.888279
4238,4.883711
4239,4.873219
4240,4.870291
4241,4.863664
4242,4.858712
4243,4.850811
4244,4.847650
4245,4.841653
4246,4.832892
4247,4.823084
4248,4.818472
4249,4.813811
4250,4.802519
4251,4.800983
4252,4.790769
4253,4.789030
4254,4.781674
4255,4.774164
4256,4.766640
4257,4.761288
4258,4.758819
4259,4.756582
4260,4.751656
4261,4.737409
4262,4.730784
4263,4.730212
4264,4.721650
4265,4.719521
4266,4.709995
4267,4.700976
4268,4.692378
4269,4.680273
4270,4.676230
4271,4.666680
4272,4.665048
4273,4.659022
4274,4.652113
4275,4.650386
4276,4.642089
4277,4.632097
4278,4.629304
4279,4.621625
4280,4.618240
4281,4.610903
4282,4.608792
4283,4.600421
4284,4.590554
4285,4.588005
4286,4.583987
4287,4.568987
4288,4.568332
4289,4.558487
4290,4.556497
4291,4.548719
4292,4.540066
4293,4.530749
4294,4.530383
4295,4.522860
4296,4.510466
4297,4.507920
4298,4.494330
4299,4.492348
4300,4.482022
4301,4.476243
4302,4.472183
4303,4.460708
4304,4.451674
4305,4.448194
4306,4.441510
4307,4.437104
4308,4.431776
4309,4.429603
4310,4.424521
4311,4.416396
4312,4.411124
4313,4.404603
4314,4.401433
4315,4.392581
4316,4.385619
4317,4.376967
4318,4.371350
4319,4.365921
4320,4.364845
4321,4.357984
4322,4.349620
4323,4.339510
4324,4.329682
4325,4.327093
4326,4.318857
4327,4.315849
4328,4.311065
4329,4.307005
4330,4.297320
4331,4.291089
4332,4.282151
4333,4.276897
4334,4.274323
4335,4.266860
4336,4.261160
4337,4.256081
4338,4.252984
4339,4.239249
4340,4.234059
4341,4.227204
4342,4.223011
4343,4.214732
4344,4.209049
4345,4.202508
4346,4.199801
4347,4.193024
4348,4.181704
4349,4.174710
4350,4.169420
4351,4.168319
4352,4.156841
4353,4.152573
4354,4.151714
4355,4.137318
4356,4.133271
4357,4.119250
4358,4.116250
4359,4.107850
4360,4.103843
4361,4.101592
4362,4.093822
4363,4.080809
4364,4.079763
4365,4.076428
4366,4.072960
4367,4.062314
4368,4.051766
4369,4.044016
4370,4.041259
4371,4.039077
4372,4.035407
4373,4.027396
4374,4.017049
4375,4.006351
4376,4.003647
4377,3.997257
4378,3.990506
4379,3.981031
4380,3.975075
4381,3.972454
4382,3.960584
4383,3.959229
4384,3.956328
4385,3.944880
4386,3.939571
4387,3.936744
4388,3.931573
4389,3.926558
4390,3.913893
4391,3.907813
4392,3.896631
4393,3.892425
4394,3.885751
4395,3.875170
4396,3.869871
4397,3.861049
4398,3.845611
4399,3.842555
4400,3.836291
4401,3.832294
4402,3.827344
4403,3.826730
4404,3.817060
4405,3.812514
4406,3.802650
4407,3.797495
4408,3.784853
4409,3.782212
4410,3.779728
4411,3.774417
4412,3.767780
4413,3.766265
4414,3.748920
4415,3.747076
4416,3.740919
4417,3.734703
4418,3.725660
4419,3.720825
4420,3.713957
4421,3.711715
4422,3.708499
4423,3.692307
4424,3.689628
4425,3.682738
4426,3.674628
4427,3.667536
4428,3.659016
4429,3.650245
4430,3.648490
4431,3.641990
4432,3.629848
4433,3.624175
4434,3.617485
4435,3.613081
4436,3.603481
4437,3.602939
4438,3.593271
4439,3.588556
4440,3.581458
4441,3.576544
4442,3.566924
4443,3.555067
4444,3.552099
4445,3.541855
4446,3.539916
4447,3.532720
4448,3.528089
4449,3.522376
4450,3.519590
4451,3.508289
4452,3.502766
4453,3.500512
4454,3.490680
4455,3.488862
4456,3.484179
4457,3.473463
4458,3.467778
4459,3.465042
4460,3.462495
4461,3.452304
4462,3.443409
4463,3.437483
4464,3.432676
4465,3.431476
4466,3.424185
4467,3.415897
4468,3.410616
4469,3.406806
4470,3.403075
4471,3.393833
4472,3.388981
4473,3.382158
4474,3.375844
4475,3.372442
4476,3.365627
4477,3.355745
4478,3.348927
4479,3.345231
4480,3.342912
4481,3.331070
4482,3.321346
4483,3.313256
4484,3.307038
4485,3.301646
4486,3.295475
4487,3.283289
4488,3.278605
4489,3.270255
4490,3.265842
4491,3.260470
4492,3.254295
4493,3.250699
4494,3.240215
4495,3.230255
4496,3.226599
4497,3.224386
4498,3.214631
4499,3.203693
4500,3.198632
4501,3.193365
4502,3.189729
4503,3.182722
4504,3.172974
4505,3.169624
4506,3.161083
4507,3.156584
4508,3.143818
4509,3.140244
4510,3.135891
4511,3.129136
4512,3.122761
4513,3.105938
4514,3.101896
4515,3.097698
4516,3.094853
4517,3.088438
4518,3.087704
4519,3.081172
4520,3.078987
4521,3.068782
4522,3.060793
4523,3.056837
4524,3.047496
4525,3.037863
4526,3.032444
4527,3.023475
4528,3.015159
4529,3.012156
4530,3.008174
4531,2.997003
4532,2.989314
4533,2.987837
4534,2.984704
4535,2.980083
4536,2.976939
4537,2.972012
4538,2.968048
4539,2.961230
4540,2.949625
4541,2.945151
4542,2.934397
4543,2.924717
4544,2.922048
4545,2.915200
4546,2.906691
4547,2.900137
4548,2.892565
4549,2.886843
4550,2.881681
4551,2.871853
4552,2.868473
4553,2.864133
4554,2.861002
4555,2.858027
4556,2.850649
4557,2.840214
4558,2.838170
4559,2.834166
4560,2.820476
4561,2.815560
4562,2.809798
4563,2.797515
4564,2.793905
4565,2.788298
4566,2.782119
4567,2.775820
4568,2.769268
4569,2.759668
4570,2.751136
4571,2.743082
4572,2.735009
4573,2.730838
4574,2.724392
4575,2.715360
4576,2.707779
4577,2.706640
4578,2.698733
4579,2.694059
4580,2.692244
4581,2.685218
4582,2.679518
4583,2.670704
4584,2.667142
4585,2.657679
4586,2.653759
4587,2.648486
4588,2.641357
4589,2.630513
4590,2.626280
4591,2.620638
4592,2.617699
4593,2.608998
4594,2.602623
4595,2.601284
4596,2.597176
4597,2.581741
4598,2.578690
4599,2.576584
4600,2.565806
4601,2.561363
4602,2.550234
4603,2.549054
4604,2.530885
4605,2.529658
4606,2.521448
4607,2.514656
4608,2.510064
4609,2.503920
4610,2.492021
4611,2.486504
4612,2.478528
4613,2.475112
4614,2.469035
4615,2.465008
4616,2.456058
4617,2.448889
4618,2.445056
4619,2.441560
4620,2.430246
4621,2.427704
4622,2.420065
4623,2.406359
4624,2.398686
4625,2.394389
4626,2.388603
4627,2.379678
4628,2.374472
4629,2.364477
4630,2.363828
4631,2.356969
4632,2.352600
4633,2.344187
4634,2.333726
4635,2.325921
4636,2.323786
4637,2.319595
4638,2.309911
4639,2.304710
4640,2.297930
4641,2.291667
4642,2.288030
4643,2.282203
4644,2.276340
4645,2.269243
4646,2.258445
4647,2.251150
4648,2.243620
4649,2.239351
4650,2.233018
4651,2.228924
4652,2.227762
4653,2.212786
4654,2.208511
4655,2.204535
4656,2.201641
4657,2.190568
4658,2.189463
4659,2.173414
4660,2.169628
4661,2.167969
4662,2.161163
4663,2.154529
4664,2.146695
4665,2.141415
4666,2.132529
4667,2.131035
4668,2.122207
4669,2.116396
4670,2.109344
4671,2.108324
4672,2.102386
4673,2.089050
4674,2.082540
4675,2.078576
4676,2.074180
4677,2.069857
4678,2.066193
4679,2.050996
4680,2.038309
4681,2.035626
4682,2.032687
4683,2.027872
4684,2.013929
4685,2.011107
4686,2.006078
4687,1.999406
4688,1.995981
4689,1.984123
4690,1.979958
4691,1.967800
4692,1.964676
4693,1.961179
4694,1.960144
4695,1.951604
4696,1.943510
4697,1.934675
4698,1.933240
4699,1.930196
4700,1.922465
4701,1.912113
4702,1.909999
4703,1.906949
4704,1.892625
4705,1.886989
4706,1.880951
4707,1.873614
4708,1.859529
4709,1.854105
4710,1.851655
4711,1.848205
4712,1.837436
4713,1.832474
4714,1.826298
4715,1.820405
4716,1.811990
4717,1.811757
4718,1.800308
4719,1.791975
4720,1.787993
4721,1.787318
4722,1.777172
4723,1.772151
4724,1.764763
4725,1.756509
4726,1.751263
4727,1.744555
4728,1.740474
4729,1.727831
4730,1.725106
4731,1.718623
4732,1.713475
4733,1.702889
4734,1.700753
4735,1.694365
4736,1.689358
4737,1.681573
4738,1.670262
4739,1.663832
4740,1.658664
4741,1.657448
4742,1.653254
4743,1.645883
4744,1.638767
4745,1.630332
4746,1.625358
4747,1.615860
4748,1.612705
4749,1.607322
4750,1.600469
4751,1.592271
4752,1.586879
4753,1.581779
4754,1.570807
4755,1.562933
4756,1.560473
4757,1.557275
4758,1.548716
4759,1.541711
4760,1.536013
4761,1.531302
4762,1.526253
4763,1.518266
4764,1.507171
4765,1.504816
4766,1.496348
4767,1.490655
4768,1.482185
4769,1.473364
4770,1.460710
4771,1.456396
4772,1.450004
4773,1.444822
4774,1.438029
4775,1.434767
4776,1.432065
4777,1.419071
4778,1.415233
4779,1.409254
4780,1.405900
4781,1.388750
4782,1.385458
4783,1.381045
4784,1.372483
4785,1.366381
4786,1.357707
4787,1.349872
4788,1.343451
4789,1.335861
4790,1.332737
4791,1.323828
4792,1.317765
4793,1.311589
4794,1.307588
4795,1.299096
4796,1.296553
4797,1.290708
4798,1.285313
4799,1.277354
4800,1.273898
4801,1.268770
4802,1.259217
4803,1.250110
4804,1.239755
4805,1.234912
4806,1.234178
4807,1.223997
4808,1.221783
4809,1.217337
4810,1.210296
4811,1.201783
4812,1.201222
4813,1.192746
4814,1.186361
4815,1.182149
4816,1.168340
4817,1.162664
4818,1.152917
4819,1.149096
4820,1.146428
4821,1.140329
4822,1.138038
4823,1.125210
4824,1.122392
4825,1.113951
4826,1.111279
4827,1.098840
4828,1.093562
4829,1.093128
4830,1.086323
4831,1.074926
4832,1.069919
4833,1.061934
4834,1.059539
4835,1.054620
4836,1.044333
4837,1.033190
4838,1.027283
4839,1.025054
4840,1.013511
4841,1.005668
4842,1.003373
4843,0.993802
4844,0.984046
4845,0.980664
4846,0.977873
4847,0.974946
4848,0.965934
4849,0.961710
4850,0.957940
4851,0.953388
4852,0.948136
4853,0.934864
4854,0.927599
4855,0.925057
4856,0.917448
4857,0.915862
4858,0.911007
4859,0.904049
4860,0.895683
4861,0.889569
4862,0.878146
4863,0.875596
4864,0.872226
4865,0.868611
4866,0.861355
4867,0.855567
4868,0.850132
4869,0.847498
4870,0.843383
4871,0.832527
4872,0.825355
4873,0.818166
4874,0.809825
4875,0.796362
4876,0.788656
4877,0.785084
4878,0.780780
4879,0.773311
4880,0.764006
4881,0.759949
4882,0.754014
4883,0.750352
4884,0.743548
4885,0.741376
4886,0.734787
4887,0.727561
4888,0.715536
4889,0.712275
4890,0.701597
4891,0.697935
4892,0.693226
4893,0.688352
4894,0.677286
4895,0.670239
4896,0.662382
4897,0.655858
4898,0.650028
4899,0.648876
4900,0.639538
4901,0.634209
4902,0.626402
4903,0.618112
4904,0.613788
4905,0.606831
4906,0.602174
4907,0.596874
4908,0.587862
4909,0.583078
4910,0.577726
4911,0.574455
4912,0.565900
4913,0.562451
4914,0.552299
4915,0.545238
4916,0.533363
4917,0.531790
4918,0.525432
4919,0.515951
4920,0.509920
4921,0.505150
4922,0.501412
4923,0.496191
4924,0.482558
4925,0.478073
4926,0.476163
4927,0.467385
4928,0.458858
4929,0.451042
4930,0.444303
4931,0.443651
4932,0.437865
4933,0.433853
4934,0.425480
4935,0.415394
4936,0.411014
4937,0.407631
4938,0.398449
4939,0.387932
4940,0.383257
4941,0.373814
4942,0.361488
4943,0.354481
4944,0.352000
4945,0.344595
4946,0.337636
4947,0.329500
4948,0.323416
4949,0.320992
4950,0.313349
4951,0.307159
4952,0.301391
4953,0.293442
4954,0.293369
4955,0.281808
4956,0.278517
4957,0.269477
4958,0.264127
4959,0.256206
4960,0.254027
4961,0.251286
4962,0.232533
4963,0.231946
4964,0.225153
4965,0.217193
4966,0.211753
4967,0.208408
4968,0.203803
4969,0.188400
4970,0.181120
4971,0.173136
4972,0.170416
4973,0.166597
4974,0.154990
4975,0.154312
4976,0.146733
4977,0.143414
4978,0.133100
4979,0.128169
4980,0.126604
4981,0.117593
4982,0.116780
4983,0.106279
4984,0.105470
4985,0.095145
4986,0.092804
4987,0.078778
4988,0.075232
4989,0.070094
4990,0.061388
4991,0.052287
4992,0.049472
4993,0.039545
4994,0.033492
4995,0.024701
4996,0.019424
4997,0.012837
4998,0.005076
4999,0.000839
